Time,BTCUSDT,ETHUSDT,NEOUSDT,LTCUSDT,QTUMUSDT,ADAUSDT,XRPUSDT,EOSUSDT,IOTAUSDT,XLMUSDT,TRXUSDT,ETCUSDT,ICXUSDT,NULSUSDT,LINKUSDT,WAVESUSDT,ONGUSDT,ZILUSDT,ZRXUSDT,XMRUSDT,ZECUSDT,CELRUSDT,DASHUSDT,OMGUSDT,THETAUSDT,ENJUSDT,MATICUSDT,ATOMUSDT,TFUELUSDT,ONEUSDT,FTMUSDT,ALGOUSDT,DOGEUSDT,DUSKUSDT,ANKRUSDT,WINUSDT,COSUSDT,COCOSUSDT,MTLUSDT,TOMOUSDT,PERLUSDT,DOCKUSDT,WANUSDT,FUNUSDT,CHZUSDT,BANDUSDT,XTZUSDT,RENUSDT,RVNUSDT,HBARUSDT,NKNUSDT,STXUSDT,KAVAUSDT,ARPAUSDT,IOTXUSDT,RLCUSDT,CTXCUSDT,BCHUSDT,TROYUSDT,VITEUSDT,EURUSDT,OGNUSDT,DREPUSDT,WRXUSDT,BTSUSDT,LSKUSDT,LTOUSDT,MBLUSDT,COTIUSDT,WTCUSDT,DATAUSDT,SOLUSDT,CTSIUSDT,HIVEUSDT,CHRUSDT,ARDRUSDT,STMXUSDT,KNCUSDT,LRCUSDT,COMPUSDT,SCUSDT,ZENUSDT,SNXUSDT,VTHOUSDT,GBPUSDT,SXPUSDT,MKRUSDT,DCRUSDT,STORJUSDT,MANAUSDT,AUDUSDT,YFIUSDT,BALUSDT,BLZUSDT,IRISUSDT,KMDUSDT,CRVUSDT,SANDUSDT,OCEANUSDT,NMRUSDT,LUNAUSDT,RSRUSDT,WNXMUSDT,SUSHIUSDT,YFIIUSDT,KSMUSDT,EGLDUSDT,DIAUSDT,RUNEUSDT,FIOUSDT,UMAUSDT,BELUSDT,WINGUSDT,UNIUSDT,SUNUSDT,AVAXUSDT,FLMUSDT,ORNUSDT,UTKUSDT,XVSUSDT,ALPHAUSDT,AAVEUSDT,NEARUSDT,FILUSDT,INJUSDT,AUDIOUSDT,CTKUSDT,AKROUSDT,AXSUSDT,HARDUSDT,STRAXUSDT,UNFIUSDT,ROSEUSDT,AVAUSDT,XEMUSDT,SKLUSDT,JUVUSDT,PSGUSDT,1INCHUSDT,REEFUSDT,OGUSDT,ATMUSDT,ASRUSDT,CELOUSDT,RIFUSDT,TRUUSDT,FIROUSDT,SFPUSDT,DODOUSDT,CAKEUSDT,ACMUSDT,BADGERUSDT,FISUSDT,OMUSDT,PONDUSDT,DEGOUSDT,ALICEUSDT,LINAUSDT,PERPUSDT,SUPERUSDT,CFXUSDT,AUTOUSDT,TKOUSDT,PUNDIXUSDT,TLMUSDT,BARUSDT,FORTHUSDT,BAKEUSDT,BURGERUSDT,SLPUSDT,ICPUSDT,ARUSDT,POLSUSDT,MDXUSDT,MASKUSDT,XVGUSDT,ATAUSDT,GTCUSDT,ERNUSDT,KLAYUSDT,PHAUSDT,BONDUSDT,MLNUSDT,DEXEUSDT,C98USDT,CLVUSDT,FLOWUSDT,TVKUSDT,MINAUSDT,RAYUSDT,FARMUSDT,ALPACAUSDT,QUICKUSDT,MBOXUSDT,FORUSDT,REQUSDT,WAXPUSDT,GNOUSDT,XECUSDT,ELFUSDT,DYDXUSDT,IDEXUSDT,GALAUSDT,ILVUSDT,YGGUSDT,SYSUSDT,DFUSDT,FIDAUSDT,CVPUSDT,AGLDUSDT,RADUSDT,BETAUSDT,RAREUSDT,LAZIOUSDT,CHESSUSDT,ADXUSDT,AUCTIONUSDT,DARUSDT,BNXUSDT,MOVRUSDT,CITYUSDT,ENSUSDT,KP3RUSDT,QIUSDT,PORTOUSDT,POWRUSDT,VGXUSDT,JASMYUSDT,AMPUSDT,PLAUSDT,PYRUSDT,RNDRUSDT,ALCXUSDT,SANTOSUSDT,MCUSDT,BICOUSDT,FLUXUSDT,FXSUSDT,VOXELUSDT,HIGHUSDT,CVXUSDT,PEOPLEUSDT,OOKIUSDT,SPELLUSDT,JOEUSDT,ACHUSDT,IMXUSDT,GLMRUSDT,LOKAUSDT,API3USDT,BTTCUSDT,ACAUSDT,XNOUSDT,WOOUSDT,ALPINEUSDT,ASTRUSDT,KDAUSDT,APEUSDT,BSWUSDT,BIFIUSDT,MULTIUSDT,STEEMUSDT,NEXOUSDT,REIUSDT,GALUSDT,LDOUSDT,EPXUSDT,OPUSDT,LEVERUSDT,STGUSDT,LUNCUSDT,GMXUSDT,NEBLUSDT,POLYXUSDT,OSMOUSDT,HOOKUSDT,MAGICUSDT,HIFIUSDT,RPLUSDT,PROSUSDT
2023-02-15,24324.05,1674.92,9.28,102.82,2.875,0.419,0.4011,1.099,0.248,0.0902,0.07085,22.47,0.2353,0.2859,7.281,2.592,0.3153,0.03148,0.2541,165.5,46.3,0.02349,73.3,1.656,1.161,0.4846,1.3283,14.297,0.0567,0.02717,0.5698,0.2722,0.08928,0.2836,0.03243,9.35e-05,0.00661,0.7428,1.077,0.411,0.02179,0.02326,0.215,0.00718,0.143,2.026,1.148,0.092552,0.03189,0.0915,0.1177,0.3411,0.951,0.04237,0.03109,2.133,0.2745,134.8,0.00321,0.02548,1.0701,0.1466,0.3764,0.1948,0.01151,1.147,0.0996,0.003809,0.0998,0.2379,0.04057,23.86,0.1681,0.4548,0.2041,0.1012,0.007121,0.852,0.4377,51.99,0.00432,14.87,2.738,0.001379,1.214,0.3471,760.0,24.33,0.4221,0.7303,0.6916,7424.0,7.241,0.1039,0.02017,0.2842,1.146,0.7631,0.5051,20.74,1.9764,0.004421,18.81,1.418,1298.3,36.95,46.47,0.4,1.812,0.0376,2.079,0.6474,8.22,6.93,0.00626,19.94,0.1075,0.983,0.1192,6.11,0.1324,89.5,2.515,5.483,3.945,0.2965,0.827,0.00366,10.8,0.1905,0.602,6.005,0.08427,0.671,0.0407,0.058,3.06,6.7,0.568,0.00348,2.935,3.46,3.045,0.816,0.0631,0.0448,2.692,0.5329,0.1477,4.256,3.056,3.137,0.62,0.0415,0.01049,2.861,1.954,0.007868,0.63635,0.1418,0.0926,339.3,0.3356,0.492,0.02293,4.92,4.04,0.2605,0.7057,0.00316,6.031,12.14,0.471,0.0949,4.146,0.003207,0.192,1.972,2.239,0.226,0.1909,5.066,24.29,2.91,0.296,0.07726,1.151,0.0522,1.193,0.3033,38.1,0.2896,61.6,0.536,0.0214,0.1078,0.0786,114.5,3.597e-05,0.2398,2.989,0.05497,0.04943,86.84,0.319,0.2216,0.0452,0.4504,0.4343,0.514,1.992,0.09911,0.1622,3.4512,0.3025,0.1882,6.05,0.23589,165.8,9.07,5.28,15.46,81.69,0.01082,3.1409,0.1997,0.572,0.007133,0.00493,0.2461,4.08,2.002,21.61,6.06,0.338,0.389,0.869,11.471,0.3316,3.497,6.417,0.02991,0.00447,0.0008559,0.2637,0.01778,1.247,0.4663,0.6418,1.81,7.4e-07,0.1348,0.906,0.2387,3.2798,0.0966,1.162,5.622,0.2158,485.7,10.05,0.238,0.738,0.0376,2.3,2.854,0.000353,2.82,0.002429,1.0494,0.00017574,81.43,1.66,0.1909,1.034,2.9798,1.9092,0.5066,47.57,0.603
2023-02-16,23517.72,1637.84,8.82,98.55,2.802,0.3874,0.3841,1.045,0.2342,0.0863,0.06683,21.35,0.2257,0.2685,7.011,2.427,0.3161,0.02949,0.2408,155.7,43.5,0.02123,73.7,1.556,1.129,0.4538,1.3711,13.427,0.0549,0.02513,0.5276,0.2575,0.08489,0.2576,0.02991,9.45e-05,0.00671,0.9267,1.05,0.3893,0.02218,0.02289,0.2186,0.00711,0.1337,1.92,1.093,0.087875,0.02985,0.0839,0.1138,0.3197,0.887,0.04068,0.02855,1.978,0.2561,128.0,0.003218,0.02509,1.0665,0.1366,0.5964,0.1905,0.01079,1.113,0.1002,0.003752,0.0943,0.24,0.03967,22.24,0.1601,0.4377,0.1847,0.1021,0.007152,0.803,0.4289,48.69,0.00411,13.73,2.438,0.001683,1.201,0.3217,706.0,23.13,0.3947,0.6792,0.6874,7152.0,7.013,0.0972,0.02102,0.2801,1.095,0.7203,0.443,19.51,1.827,0.004329,20.32,1.324,1243.9,37.07,47.33,0.411,1.666,0.0379,2.012,0.6194,8.18,6.477,0.00607,18.59,0.1063,1.004,0.113,5.88,0.1265,84.0,2.311,5.403,3.645,0.2958,0.795,0.00421,10.12,0.2035,0.579,5.845,0.07468,0.677,0.0388,0.05264,2.96,6.36,0.541,0.003301,2.808,3.3,2.908,0.755,0.0605,0.0878,2.496,0.5179,0.1417,4.007,2.885,3.02,0.5716,0.0417,0.01045,2.631,1.798,0.007605,0.63632,0.1408,0.1376,318.3,0.3194,0.477,0.02179,4.7,3.91,0.2443,0.697,0.002935,5.936,11.46,0.483,0.0919,3.915,0.003119,0.187,2.03,2.156,0.218,0.1767,4.72,23.63,2.818,0.2919,0.08281,1.105,0.0482,1.061,0.2814,38.5,0.2886,60.1,0.506,0.0216,0.1076,0.0753,108.2,3.436e-05,0.2286,2.867,0.05552,0.04582,80.33,0.2879,0.2011,0.0498,0.4426,0.4483,0.47,1.914,0.10031,0.1511,3.3132,0.2804,0.1839,6.38,0.22192,175.5,8.77,5.11,14.51,79.64,0.01013,3.0446,0.1957,0.519,0.006524,0.00461,0.2429,3.79,1.768,21.45,5.868,0.334,0.367,0.809,10.092,0.3177,3.031,6.411,0.02826,0.00457,0.0008508,0.2462,0.02009,1.092,0.4282,0.5937,1.715,7.2e-07,0.1264,0.906,0.2185,3.416,0.09,1.084,5.163,0.2089,461.3,10.02,0.2273,0.726,0.0363,2.098,2.596,0.000352,2.622,0.002281,1.2028,0.00016653,76.66,1.607,0.2149,0.991,2.5823,1.957,0.4871,46.41,0.6008
2023-02-17,24569.97,1693.87,9.57,100.12,3.068,0.4033,0.395,1.192,0.2455,0.0908,0.07031,22.42,0.2437,0.284,7.65,2.628,0.3329,0.03191,0.262,159.6,45.3,0.022,73.19,1.665,1.21,0.4859,1.5239,14.17,0.0602,0.02638,0.5551,0.2712,0.08771,0.2498,0.03247,0.0001,0.00705,1.0559,1.166,0.4163,0.02357,0.02469,0.2264,0.00724,0.14,2.053,1.153,0.092114,0.03157,0.0853,0.1243,0.3324,0.916,0.04435,0.02944,2.073,0.2652,133.4,0.003369,0.02642,1.0678,0.1478,0.557,0.2089,0.01145,1.179,0.1053,0.003926,0.1049,0.2494,0.04271,23.14,0.1674,0.4642,0.1924,0.106,0.007316,0.849,0.4493,52.03,0.00485,14.07,2.623,0.001702,1.203,0.3365,725.0,24.7,0.449,0.7153,0.6878,7414.0,7.222,0.1172,0.02179,0.3056,1.216,0.7613,0.4866,20.51,1.8992,0.00502,22.49,1.411,1295.8,42.97,49.43,0.425,1.742,0.0398,2.131,0.664,8.59,6.738,0.00633,19.45,0.1127,1.058,0.1205,6.16,0.1361,86.4,2.456,7.609,4.006,0.3331,0.856,0.00687,10.66,0.2152,0.609,6.234,0.07749,0.724,0.0407,0.0536,3.06,6.53,0.568,0.003576,2.938,3.41,3.004,0.831,0.0657,0.0828,2.587,0.5418,0.1507,4.174,2.979,3.181,0.6165,0.0428,0.01084,2.719,1.937,0.008047,0.73242,0.1503,0.1523,325.4,0.3241,0.506,0.02395,4.73,4.55,0.2515,0.7293,0.003195,7.313,13.37,0.503,0.0966,4.041,0.003263,0.2013,2.131,2.304,0.292,0.1906,4.848,25.01,2.961,0.3104,0.08456,1.318,0.0502,1.07,0.2875,39.9,0.3039,65.9,0.559,0.02237,0.1126,0.0788,111.2,3.634e-05,0.24,3.135,0.05885,0.04791,86.95,0.3825,0.2085,0.0507,0.4609,0.475,0.525,2.067,0.10169,0.1537,3.3942,0.3035,0.192,6.6,0.23616,175.5,10.51,5.5,15.36,84.14,0.01082,3.1288,0.206,0.515,0.007193,0.00482,0.256,3.96,1.858,23.94,6.019,0.361,0.389,0.904,11.065,0.3284,3.084,6.703,0.02925,0.00473,0.0009267,0.2612,0.02257,1.09,0.4723,0.6298,1.822,7.3e-07,0.1404,0.937,0.2397,3.3244,0.1051,1.148,5.513,0.2171,477.1,10.95,0.2412,0.755,0.0375,2.224,3.031,0.000374,2.793,0.002471,1.1897,0.00017019,82.17,1.686,0.2176,1.017,2.7763,2.0496,0.5114,51.62,0.6241
2023-02-18,24631.95,1691.62,9.73,99.71,3.067,0.406,0.3943,1.236,0.2483,0.0918,0.07014,22.62,0.2507,0.2911,7.989,2.621,0.3457,0.03265,0.2593,161.6,46.1,0.02148,71.99,1.673,1.196,0.4892,1.4847,14.289,0.0587,0.02602,0.5417,0.2729,0.08882,0.2428,0.03281,9.81e-05,0.00817,1.8608,1.216,0.4218,0.02452,0.02431,0.222,0.00727,0.1403,2.103,1.174,0.094187,0.0314,0.0864,0.1228,0.3823,0.919,0.04367,0.03108,2.068,0.2647,136.2,0.0034,0.02672,1.0687,0.1493,0.6184,0.2053,0.01163,1.229,0.1044,0.003897,0.103,0.2495,0.04175,23.45,0.1695,0.4657,0.1909,0.1041,0.007143,0.867,0.45,54.7,0.00467,13.43,2.6,0.001646,1.203,0.3343,729.0,25.22,0.4339,0.7141,0.6854,7501.0,7.363,0.1128,0.02182,0.2996,1.253,0.7625,0.4811,20.66,1.8805,0.005313,22.16,1.434,1300.3,42.95,52.28,0.431,1.773,0.0423,2.139,0.6669,8.72,6.976,0.0063,19.54,0.112,1.052,0.1284,6.14,0.1371,91.0,2.576,7.52,4.421,0.3428,0.858,0.00564,10.91,0.2349,0.63,6.162,0.0759,0.747,0.0417,0.05957,3.03,6.49,0.575,0.003592,2.923,3.37,2.99,0.836,0.0652,0.0798,2.609,0.5408,0.1522,4.217,2.967,3.18,0.7721,0.0434,0.0118,2.7,1.965,0.007962,0.75894,0.1515,0.156,324.2,0.3231,0.505,0.02352,4.78,4.32,0.2466,0.802,0.003187,7.051,12.37,0.507,0.0967,4.108,0.00324,0.1958,2.284,2.332,0.314,0.1966,5.214,25.54,2.944,0.3008,0.08349,1.314,0.0493,1.056,0.2947,40.5,0.2985,66.4,0.547,0.02214,0.1131,0.0779,110.0,3.619e-05,0.2407,2.99,0.06317,0.04764,84.71,0.3735,0.2047,0.0532,0.4538,0.5775,0.53,2.071,0.1033,0.1567,3.3692,0.3373,0.2004,6.76,0.24003,175.5,11.28,5.23,16.07,85.49,0.01143,3.1118,0.2095,0.509,0.007005,0.00481,0.2562,4.14,1.855,23.66,5.985,0.39,0.457,0.903,11.373,0.3437,3.399,6.569,0.02891,0.00468,0.0009629,0.261,0.02287,1.051,0.5022,0.6464,1.846,7.4e-07,0.1382,0.946,0.262,3.2805,0.1045,1.197,5.654,0.2171,474.4,11.0,0.2407,0.752,0.0376,2.269,3.25,0.000371,2.779,0.002492,1.2387,0.00017183,80.43,1.73,0.2101,1.069,2.8493,1.9585,0.5107,53.65,0.6304
2023-02-19,24271.76,1679.75,10.42,97.43,3.212,0.3995,0.3863,1.229,0.2519,0.0905,0.07038,22.5,0.2539,0.2965,8.014,3.094,0.3402,0.03234,0.2554,162.3,47.9,0.02245,70.54,1.753,1.195,0.4837,1.4785,14.126,0.0591,0.0267,0.5209,0.2777,0.08697,0.2289,0.03231,0.0001039,0.00805,2.2117,1.624,0.4293,0.02444,0.02453,0.2301,0.00724,0.1414,2.078,1.189,0.092245,0.03179,0.0874,0.1207,0.656,0.929,0.04426,0.03062,2.008,0.2902,136.0,0.003547,0.02757,1.0676,0.1501,0.5807,0.2077,0.01171,1.298,0.1059,0.003863,0.1008,0.2594,0.04178,24.84,0.1698,0.4669,0.1919,0.1036,0.00698,0.871,0.429,56.65,0.00462,12.98,2.614,0.001699,1.202,0.347,737.0,25.65,0.4412,0.7171,0.6863,7414.0,7.262,0.1131,0.0229,0.2981,1.204,0.7818,0.4628,20.68,1.8397,0.005185,22.28,1.419,1300.8,45.49,51.09,0.437,1.735,0.0408,2.269,0.7157,8.89,7.21,0.00634,19.81,0.1189,1.155,0.1235,6.24,0.1308,90.1,2.575,8.466,4.162,0.3255,0.912,0.00507,10.92,0.2178,0.631,6.06,0.0736,0.729,0.0413,0.05901,3.06,6.56,0.575,0.003549,3.022,3.39,3.026,0.84,0.0666,0.0751,2.555,0.5428,0.1528,4.16,2.978,3.238,0.6684,0.044,0.01259,2.581,1.913,0.008248,0.78111,0.1517,0.2263,329.2,0.3293,0.517,0.02322,4.78,4.09,0.2455,0.769,0.003141,7.348,12.52,0.493,0.1078,4.12,0.003395,0.1882,2.151,2.281,0.3255,0.1868,5.009,25.33,2.971,0.3191,0.08365,1.341,0.0535,0.993,0.3147,43.2,0.3004,102.1,0.559,0.02305,0.1191,0.0775,109.8,3.597e-05,0.2408,2.829,0.06163,0.04716,82.74,0.3526,0.1956,0.0503,0.477,0.5653,0.647,2.099,0.10528,0.1564,3.356,0.3108,0.1948,6.87,0.2336,175.5,10.89,5.14,16.43,108.32,0.01146,3.104,0.2102,0.493,0.007223,0.00483,0.2546,3.98,1.718,23.92,5.924,0.389,0.474,0.859,10.619,0.3233,3.472,6.44,0.02931,0.00509,0.0009198,0.272,0.03006,1.018,0.4961,0.6753,1.85,7.3e-07,0.1426,0.94,0.2595,3.2089,0.1027,1.241,5.59,0.2225,491.9,10.77,0.2385,0.727,0.038,2.291,2.942,0.000366,2.579,0.00238,1.142,0.00016838,77.45,1.707,0.2063,1.04,2.6763,1.8182,0.5071,50.98,0.6374
2023-02-20,24842.2,1703.27,14.67,95.9,3.721,0.4038,0.3984,1.273,0.2683,0.0945,0.07197,23.18,0.265,0.3277,8.017,2.991,0.3694,0.03429,0.2761,161.7,50.3,0.02337,72.35,1.947,1.287,0.5213,1.4753,14.423,0.0616,0.02739,0.5143,0.285,0.08829,0.2421,0.03478,0.0001117,0.00808,2.1511,1.562,0.4746,0.02646,0.02713,0.2693,0.00737,0.1457,2.254,1.258,0.098519,0.03335,0.0868,0.1361,0.615,0.993,0.0483,0.03309,2.088,0.3049,145.1,0.00379,0.03099,1.0675,0.1552,0.576,0.2182,0.01288,1.287,0.1112,0.003982,0.1012,0.2988,0.04442,26.26,0.1835,0.4902,0.2053,0.1095,0.007336,0.899,0.4437,58.01,0.00479,14.44,2.761,0.001811,1.203,0.3612,771.0,27.02,0.4832,0.7436,0.6919,7590.0,7.55,0.1238,0.04678,0.3211,1.269,0.8326,0.4648,21.3,1.8656,0.005727,22.92,1.502,1355.0,45.14,52.9,0.477,1.821,0.044,2.258,1.122,9.74,7.371,0.00672,20.82,0.1357,1.164,0.1338,6.49,0.1492,92.0,2.702,8.526,4.189,0.3386,0.965,0.00511,11.22,0.2259,0.65,6.644,0.07575,0.808,0.0439,0.06094,3.12,6.47,0.613,0.003725,3.037,3.39,3.01,0.909,0.0733,0.0688,2.769,0.5774,0.2005,4.223,2.952,3.55,0.657,0.0478,0.01256,2.795,2.059,0.008925,0.83657,0.1736,0.3259,350.2,0.3752,0.546,0.0249,4.72,4.59,0.2642,0.8391,0.003423,7.324,12.76,0.603,0.1199,4.161,0.003549,0.2039,2.255,2.547,0.3302,0.1917,5.088,27.28,3.185,0.3168,0.08982,1.389,0.0582,1.083,0.3133,43.4,0.3338,94.4,0.59,0.0253,0.1186,0.082,111.9,3.804e-05,0.2527,2.916,0.07281,0.04821,84.11,0.3823,0.2065,0.0535,0.5119,0.566,0.606,2.202,0.1144,0.1725,3.385,0.3064,0.2186,7.2,0.24702,175.5,11.65,5.14,17.69,99.71,0.01201,3.1826,0.2175,0.502,0.007484,0.00521,0.2657,4.1,1.716,24.37,5.974,0.412,0.461,0.882,10.788,0.3527,4.213,6.621,0.03001,0.00512,0.0009314,0.3025,0.04244,1.043,0.547,0.6999,1.921,7.7e-07,0.147,0.998,0.2554,3.3142,0.0975,1.267,5.877,0.2371,491.9,11.7,0.247,0.737,0.0418,2.338,2.926,0.000393,2.608,0.00289,1.1327,0.00017034,78.59,1.969,0.2097,1.078,2.6227,1.8055,0.5238,49.7,0.789
2023-02-21,24452.16,1659.76,13.4,93.8,3.642,0.3925,0.3919,1.221,0.2569,0.0949,0.06948,22.85,0.2536,0.319,7.64,2.795,0.3489,0.0351,0.2671,159.6,49.4,0.02376,70.77,1.844,1.243,0.5022,1.3867,13.866,0.059,0.02557,0.5208,0.2788,0.08546,0.2153,0.04643,0.0001085,0.00811,2.6223,1.418,0.518,0.02679,0.02833,0.2996,0.00728,0.1414,2.198,1.221,0.115538,0.03337,0.0825,0.1402,0.6509,0.965,0.04651,0.03296,2.122,0.2924,145.3,0.003656,0.0293,1.0643,0.1526,0.5645,0.2079,0.01226,1.224,0.1238,0.003829,0.0959,0.2747,0.04461,24.98,0.1915,0.475,0.2042,0.1061,0.00727,0.874,0.4255,57.7,0.00455,13.66,2.611,0.001736,1.209,0.3458,787.0,25.54,0.4642,0.7051,0.6869,8384.0,7.239,0.1225,0.03933,0.31,1.162,0.7825,0.45,20.47,1.8058,0.005289,22.74,1.451,1359.6,43.81,51.67,0.452,1.765,0.044,2.515,0.9076,8.87,7.036,0.00717,20.98,0.1287,1.154,0.1235,6.19,0.1535,87.8,2.569,8.182,3.942,0.319,0.916,0.00482,10.82,0.22,0.63,6.954,0.07407,0.774,0.0446,0.05635,2.92,6.34,0.687,0.003695,2.968,3.37,2.946,0.853,0.1171,0.0624,2.714,0.5888,0.2017,4.155,2.907,3.481,0.6697,0.0489,0.01199,2.72,2.023,0.012548,0.79975,0.1632,0.329,341.9,0.3827,0.568,0.0269,4.23,4.66,0.2623,0.8194,0.003428,6.889,11.63,0.558,0.1081,3.949,0.003585,0.1957,2.228,2.543,0.3203,0.1836,5.093,26.44,3.164,0.3373,0.08991,1.315,0.054,0.976,0.2959,42.3,0.3216,110.2,0.608,0.02656,0.1138,0.0855,108.7,3.884e-05,0.259,2.725,0.07019,0.04616,78.51,0.3565,0.1991,0.0677,0.4757,0.5581,0.578,2.211,0.11188,0.1741,3.3802,0.3339,0.207,7.0,0.2385,175.5,10.67,5.09,16.46,96.0,0.01165,3.0717,0.2089,0.48,0.006869,0.00546,0.2568,3.9,1.708,22.89,5.894,0.39,0.431,0.832,10.2,0.3271,3.916,6.364,0.0292,0.00522,0.0009134,0.2921,0.04103,1.02,0.5031,0.6433,1.833,7.3e-07,0.1619,0.981,0.2387,3.2798,0.0926,1.191,5.558,0.2345,482.5,11.08,0.2399,0.727,0.0398,2.25,2.794,0.000403,2.517,0.002718,1.0663,0.00016592,76.89,1.754,0.2108,1.032,2.5134,1.8624,0.5203,47.85,0.7038
2023-02-22,24182.21,1643.14,13.52,95.28,3.671,0.3888,0.3953,1.208,0.2553,0.0924,0.06944,22.48,0.2487,0.3096,7.717,2.818,0.3426,0.03528,0.2631,157.7,48.0,0.02463,73.44,1.849,1.19,0.4875,1.3956,13.587,0.0578,0.02458,0.5079,0.2714,0.0855,0.2205,0.04907,0.000106,0.00781,2.4074,1.381,0.5122,0.02496,0.02623,0.324,0.0072,0.1391,2.115,1.437,0.106751,0.03384,0.0823,0.1303,0.7378,0.908,0.04951,0.03061,2.008,0.2826,142.0,0.003578,0.02932,1.06,0.1488,0.5335,0.2043,0.01178,1.197,0.1239,0.00379,0.0941,0.2724,0.04622,24.16,0.186,0.4685,0.1919,0.1044,0.007143,0.868,0.4125,54.27,0.00432,13.47,2.505,0.001712,1.204,0.337,760.0,25.22,0.4551,0.7013,0.6814,8489.0,7.136,0.1238,0.03461,0.302,1.108,0.7675,0.4504,20.24,1.7912,0.005164,23.09,1.395,1390.0,41.35,49.6,0.436,1.712,0.0429,2.378,0.9015,8.42,6.931,0.00694,20.32,0.1242,1.243,0.1209,6.06,0.1524,85.0,2.508,8.031,3.813,0.3132,0.856,0.00477,10.57,0.2148,0.637,6.832,0.07289,0.744,0.0434,0.05447,2.9,6.32,0.642,0.003553,2.892,3.3,2.954,0.829,0.1506,0.0658,2.569,0.5646,0.2213,4.123,2.903,3.968,0.7443,0.0462,0.0119,2.54,2.023,0.013013,0.81641,0.1609,0.2825,328.0,0.3763,0.578,0.02577,4.19,4.49,0.2661,0.7886,0.003354,6.731,11.2,0.54,0.1033,3.846,0.003439,0.1999,2.108,2.451,0.307,0.1797,4.929,26.68,3.142,0.3355,0.08579,1.25,0.052,0.992,0.2913,41.5,0.3148,103.2,0.582,0.02488,0.1129,0.0831,107.6,3.745e-05,0.26,2.671,0.0658,0.04523,78.72,0.3399,0.2081,0.0619,0.4674,0.5342,0.614,2.088,0.10856,0.1646,3.332,0.3344,0.2012,6.78,0.23234,1.585,10.73,4.98,16.29,95.5,0.01153,3.0063,0.2046,0.492,0.0067,0.00619,0.2556,3.88,1.614,22.26,5.783,0.378,0.422,0.835,10.488,0.323,3.407,6.212,0.02792,0.00501,0.0008907,0.281,0.04537,1.018,0.5018,0.6148,1.835,7.3e-07,0.149,0.959,0.2317,3.2547,0.0898,1.257,5.522,0.2289,476.6,10.76,0.2429,0.743,0.0381,2.247,2.907,0.000386,2.704,0.002755,1.1185,0.00016378,74.53,1.706,0.2053,1.01,2.4686,1.8189,0.5069,50.1,0.6658
2023-02-23,23940.2,1650.53,12.79,94.59,3.465,0.3824,0.3882,1.18,0.2541,0.091,0.06955,22.12,0.2482,0.3115,7.935,2.772,0.3386,0.03539,0.2776,151.9,48.0,0.02395,70.96,1.787,1.195,0.5459,1.3533,13.738,0.0612,0.02383,0.4909,0.2685,0.08425,0.2196,0.04771,0.0001061,0.00797,2.7283,1.369,0.4997,0.02444,0.02559,0.3128,0.00719,0.1387,2.169,1.347,0.101488,0.03492,0.0807,0.1358,0.8186,0.916,0.04685,0.02977,1.975,0.2797,138.8,0.003676,0.02917,1.0591,0.1485,0.5322,0.2056,0.01179,1.191,0.1327,0.003839,0.0925,0.2708,0.04449,23.91,0.1789,0.4708,0.1901,0.1073,0.007006,0.869,0.4035,53.41,0.00428,13.33,2.617,0.001708,1.201,0.3345,740.0,25.84,0.4738,0.7012,0.6805,9477.0,7.264,0.1206,0.04267,0.3005,1.079,0.7638,0.438,19.72,1.7826,0.005565,22.71,1.478,1457.9,41.59,50.14,0.437,1.719,0.0447,2.347,0.873,8.54,6.943,0.00695,19.71,0.1201,1.188,0.1186,6.01,0.1478,85.6,2.47,7.846,3.913,0.3653,0.851,0.00498,10.52,0.2137,0.629,6.655,0.07182,0.828,0.0425,0.05229,2.93,6.24,0.619,0.003572,2.819,3.23,2.913,0.807,0.1541,0.0694,2.681,0.5543,0.2428,4.068,2.876,3.674,0.7208,0.0471,0.01214,2.542,2.084,0.012379,0.84977,0.1644,0.3032,324.5,0.3905,0.564,0.02509,4.09,4.59,0.2785,0.8572,0.00326,6.682,10.98,0.579,0.1125,3.908,0.003477,0.1991,2.181,2.406,0.2947,0.1767,4.907,26.46,3.435,0.3138,0.08487,1.215,0.0516,0.989,0.2904,42.0,0.3215,104.5,0.572,0.02497,0.1148,0.0898,107.6,3.678e-05,0.2712,2.661,0.06671,0.04415,76.83,0.3423,0.2059,0.0602,0.5709,0.5317,0.59,2.185,0.11199,0.1756,3.293,0.3617,0.2089,6.59,0.23049,1.355,11.06,4.9,16.38,95.35,0.0121,2.9323,0.2083,0.477,0.006654,0.00741,0.2759,3.8,1.575,22.16,5.743,0.423,0.424,0.83,10.914,0.3193,3.451,6.217,0.02803,0.00548,0.00089,0.2739,0.04566,1.044,0.4997,0.6177,1.818,7.4e-07,0.1551,0.94,0.229,3.2505,0.0899,1.208,5.448,0.2382,480.3,11.13,0.2423,0.747,0.0387,2.181,2.996,0.000383,2.875,0.002666,1.0805,0.00016291,74.98,1.772,0.213,1.015,2.5642,1.827,0.5071,49.81,0.707
2023-02-24,23185.29,1607.8,11.64,91.55,3.225,0.3658,0.3783,1.118,0.2528,0.0892,0.06787,21.11,0.2491,0.2879,7.466,2.582,0.3401,0.03351,0.2681,150.4,45.3,0.02132,70.07,1.717,1.178,0.4992,1.265,13.08,0.0608,0.0222,0.4622,0.2566,0.08092,0.2002,0.04308,0.0001014,0.00738,2.3377,1.304,0.4585,0.02365,0.02379,0.2884,0.00707,0.1351,2.004,1.237,0.095825,0.03206,0.0771,0.1226,0.731,0.883,0.04298,0.02814,1.902,0.2811,132.7,0.003489,0.02718,1.053,0.1373,0.5071,0.1939,0.01129,1.185,0.1237,0.00395,0.0883,0.2452,0.04211,23.07,0.1698,0.5007,0.1775,0.1153,0.007004,0.865,0.3761,50.87,0.00418,12.43,2.644,0.001591,1.192,0.323,715.0,24.32,0.4461,0.6684,0.6722,8720.0,7.032,0.1077,0.03611,0.2823,0.997,0.7227,0.4218,19.45,1.7352,0.005114,21.77,1.36,1359.3,38.34,48.86,0.415,1.642,0.0411,2.211,0.8079,7.87,6.572,0.00672,18.39,0.1113,1.106,0.118,5.69,0.1383,81.6,2.313,6.853,3.644,0.3428,0.82,0.00474,10.03,0.2023,0.638,6.213,0.06767,0.753,0.0412,0.04819,2.85,6.15,0.6,0.003329,2.922,3.21,2.909,0.783,0.1221,0.0609,2.47,0.5231,0.2338,3.983,2.85,3.414,0.6707,0.0432,0.01185,2.362,1.876,0.011854,1.12934,0.1543,0.2401,312.4,0.3642,0.641,0.02392,4.02,4.37,0.2587,0.796,0.003111,6.285,10.23,0.55,0.1059,3.672,0.003301,0.1769,2.003,2.29,0.2757,0.1722,4.805,25.23,3.156,0.2858,0.07983,1.182,0.0478,0.955,0.294,39.4,0.3163,95.5,0.537,0.02315,0.1096,0.0872,106.1,3.535e-05,0.2726,2.663,0.06432,0.04126,73.15,0.3191,0.1922,0.0535,0.5236,0.521,0.547,2.019,0.10408,0.1688,3.2098,0.3247,0.1938,6.2,0.21135,1.545,10.23,4.86,15.69,93.58,0.01093,2.8131,0.2151,0.476,0.006192,0.00688,0.2732,3.66,1.455,21.42,5.432,0.398,0.452,0.8,10.107,0.2933,2.945,5.816,0.02647,0.00506,0.0008492,0.2567,0.03847,0.973,0.457,0.5872,1.699,7.1e-07,0.1412,0.91,0.2122,3.0699,0.0803,1.137,5.18,0.2228,473.4,10.57,0.2506,0.717,0.0358,1.994,2.871,0.000364,3.06,0.002483,0.9817,0.00016434,73.93,1.649,0.2164,0.976,2.3548,1.6307,0.5176,46.8,0.6584
2023-02-25,23157.07,1594.58,11.38,93.15,3.276,0.362,0.3778,1.108,0.2562,0.088,0.06785,20.98,0.252,0.2781,7.373,2.536,0.3308,0.03191,0.2719,149.0,44.5,0.02084,69.43,1.698,1.209,0.4713,1.247,12.842,0.062,0.02133,0.4571,0.2505,0.08075,0.2085,0.04076,0.0001005,0.00728,2.2463,1.322,0.4371,0.02272,0.02301,0.2741,0.00702,0.134,1.999,1.196,0.091901,0.03093,0.075,0.1206,0.7629,0.86,0.04196,0.02789,1.902,0.2625,133.2,0.00345,0.02728,1.0529,0.1323,0.5375,0.1905,0.01129,1.227,0.1189,0.003975,0.0868,0.2411,0.04132,22.37,0.1625,0.4634,0.1747,0.1093,0.006773,0.937,0.3637,50.58,0.00422,12.43,2.47,0.001605,1.191,0.3181,707.0,23.55,0.4383,0.6492,0.6713,9424.0,6.983,0.1066,0.03386,0.2782,0.987,0.7087,0.3918,19.09,1.7143,0.004971,21.64,1.318,1332.0,38.03,48.19,0.401,1.604,0.0403,2.165,0.818,7.76,6.469,0.00667,17.94,0.11,1.09,0.1157,5.59,0.1364,80.0,2.289,6.706,3.425,0.3512,0.816,0.00462,9.81,0.2006,0.617,6.039,0.06566,0.749,0.0405,0.0479,2.84,6.21,0.581,0.003265,2.94,3.24,2.882,0.785,0.1318,0.0625,2.487,0.5206,0.2314,4.007,2.814,3.326,0.7383,0.0442,0.01146,2.35,1.842,0.01159,1.032,0.1537,0.2313,311.3,0.3674,0.555,0.02352,4.13,4.36,0.2464,0.7725,0.00335,6.11,9.87,0.538,0.1027,3.603,0.003275,0.1753,2.101,2.257,0.2806,0.167,4.78,25.58,3.064,0.2821,0.08198,1.215,0.0466,0.928,0.2797,40.9,0.3103,112.5,0.547,0.02256,0.1098,0.0826,105.6,3.478e-05,0.2925,2.841,0.06145,0.04037,73.62,0.3115,0.183,0.0522,0.4839,0.5202,0.569,1.977,0.10225,0.1587,3.2267,0.3504,0.1897,6.21,0.20472,1.342,9.91,4.8,15.06,95.7,0.01074,2.8541,0.2051,0.445,0.006044,0.0061,0.2621,3.63,1.407,22.78,5.404,0.402,0.431,0.821,10.168,0.2928,2.846,5.733,0.02592,0.00507,0.0008343,0.2498,0.03907,0.963,0.4356,0.5881,1.58,7.1e-07,0.1375,0.896,0.2142,3.017,0.0781,1.109,5.039,0.2206,460.1,10.5,0.2431,0.707,0.0346,1.865,2.929,0.000362,2.753,0.002431,0.965,0.0001611,72.23,1.664,0.2049,0.95,2.3394,1.6056,0.4984,47.67,0.6429
2023-02-26,23554.85,1641.36,12.45,95.27,3.404,0.3691,0.3779,1.126,0.2521,0.089,0.06951,21.41,0.2532,0.284,7.497,2.597,0.3367,0.03282,0.2692,151.3,45.2,0.02109,74.07,1.714,1.229,0.4907,1.2817,12.961,0.0628,0.02214,0.4743,0.2553,0.08216,0.2147,0.04304,0.0001012,0.0075,2.4073,1.318,0.4361,0.02323,0.02408,0.2826,0.00708,0.1363,2.015,1.215,0.095928,0.03191,0.0748,0.1247,0.7806,0.878,0.043,0.02862,1.938,0.2714,136.3,0.003542,0.02889,1.0539,0.1372,0.5289,0.1951,0.01157,1.203,0.1266,0.003983,0.0897,0.2467,0.04211,23.25,0.1679,0.4607,0.1799,0.1079,0.007201,0.916,0.3702,51.75,0.00424,12.82,2.673,0.001629,1.194,0.3342,775.0,24.15,0.4484,0.6639,0.6748,9903.0,7.1,0.1112,0.03617,0.286,1.021,0.7191,0.4061,19.91,1.7381,0.005249,22.73,1.347,1354.8,39.07,49.9,0.418,1.651,0.0411,2.213,0.8226,7.99,6.61,0.00708,18.43,0.1134,1.132,0.1215,5.72,0.1414,82.2,2.376,6.906,3.779,0.3485,0.844,0.00598,10.02,0.2066,0.625,6.281,0.06817,0.793,0.0413,0.04966,2.84,6.28,0.583,0.003336,2.892,3.23,2.879,0.8,0.1325,0.0636,2.574,0.5386,0.2673,4.053,2.821,3.368,0.7969,0.045,0.01231,2.471,1.923,0.011398,1.00962,0.156,0.2359,311.0,0.373,0.554,0.0237,4.07,4.44,0.2636,0.7953,0.003339,6.242,10.25,0.54,0.1033,3.84,0.003388,0.1809,2.098,2.309,0.3126,0.1718,4.887,25.47,3.097,0.2909,0.08287,1.228,0.049,0.954,0.2867,42.3,0.3275,111.8,0.558,0.02351,0.1122,0.083,108.3,3.529e-05,0.2825,2.857,0.06401,0.04117,76.15,0.3209,0.1893,0.0573,0.4898,0.5811,0.594,2.024,0.10516,0.1619,3.2458,0.3506,0.1939,6.39,0.21523,1.324,10.48,4.8,16.38,97.23,0.01123,2.8435,0.2095,0.444,0.006266,0.00589,0.261,3.79,1.536,23.16,5.394,0.411,0.486,0.831,10.501,0.295,2.923,5.886,0.02655,0.00526,0.0008491,0.2562,0.03943,0.982,0.4585,0.5975,1.612,7.1e-07,0.1422,0.914,0.2249,3.1066,0.082,1.133,5.258,0.225,467.2,10.68,0.243,0.719,0.035,1.96,3.12,0.00037,3.009,0.002509,1.0608,0.00016325,75.71,1.661,0.2035,0.971,2.41,1.6867,0.5018,49.79,0.6608
2023-02-27,23492.09,1633.45,13.22,94.07,3.482,0.3647,0.3785,1.126,0.2475,0.0883,0.06943,21.31,0.2614,0.2852,7.274,2.568,0.3366,0.03242,0.2615,149.8,44.2,0.02087,74.33,1.791,1.181,0.483,1.2345,12.786,0.0606,0.02201,0.457,0.2548,0.08136,0.2137,0.04233,0.0001008,0.00732,2.338,1.293,0.4385,0.02459,0.02682,0.3007,0.00706,0.1342,2.007,1.186,0.098983,0.03119,0.0722,0.1232,0.91,0.861,0.04255,0.02804,1.936,0.2623,135.2,0.003482,0.02954,1.0548,0.1381,0.513,0.1893,0.01206,1.167,0.1224,0.003915,0.0881,0.2446,0.04133,22.68,0.1672,0.4527,0.1778,0.1055,0.006966,0.875,0.3629,50.18,0.00441,12.48,2.824,0.001632,1.204,0.3281,788.0,24.36,0.441,0.6538,0.6756,9384.0,7.041,0.1158,0.03774,0.2991,1.016,0.7121,0.3994,19.59,1.7148,0.0053,22.57,1.301,1326.0,39.01,48.71,0.41,1.616,0.0429,2.28,0.799,7.67,6.439,0.00693,17.93,0.1146,1.094,0.1172,5.67,0.1372,80.2,2.346,6.851,3.641,0.3344,0.821,0.00526,9.98,0.2147,0.611,6.166,0.0668,0.747,0.0637,0.04941,2.8,6.17,0.579,0.003305,2.852,3.2,2.89,0.775,0.1561,0.0711,2.499,0.5272,0.2522,4.01,2.81,3.661,0.8073,0.0429,0.01182,2.42,1.933,0.010702,0.96264,0.1519,0.2253,304.2,0.3641,0.533,0.02298,4.07,4.49,0.2501,0.7688,0.003286,6.124,10.46,0.528,0.0995,3.842,0.003376,0.176,2.37,2.238,0.2914,0.1685,4.795,25.34,3.02,0.2806,0.08019,1.211,0.0477,0.939,0.2792,40.5,0.3209,102.8,0.534,0.0241,0.1147,0.0846,108.3,3.515e-05,0.2712,2.97,0.0618,0.0407,73.99,0.3162,0.1838,0.0556,0.487,0.549,0.645,1.994,0.1056,0.1628,3.2551,0.3898,0.1943,6.22,0.21116,1.106,10.19,4.73,16.33,94.57,0.01143,2.8146,0.2131,0.42,0.006141,0.00563,0.2649,3.81,1.475,23.63,5.271,0.397,0.469,0.864,11.091,0.2853,2.973,6.09,0.02671,0.00511,0.0008403,0.2509,0.03911,0.967,0.4457,0.5737,1.549,7e-07,0.1398,0.921,0.2179,3.3214,0.0801,1.117,5.061,0.2187,459.2,10.62,0.2395,0.707,0.0343,1.95,3.268,0.000362,2.896,0.002485,1.1079,0.00016128,74.77,1.578,0.2025,0.959,2.3771,1.6409,0.4957,48.56,0.648
2023-02-28,23141.57,1605.23,11.98,93.8,3.208,0.3517,0.3762,1.146,0.2397,0.0871,0.06905,20.76,0.2465,0.2632,7.195,2.468,0.325,0.03118,0.2545,150.3,43.0,0.02026,71.59,1.673,1.127,0.4622,1.1964,12.279,0.0596,0.02135,0.4285,0.2444,0.08085,0.2196,0.03904,9.89e-05,0.00702,2.1288,1.268,0.4092,0.02272,0.0246,0.2937,0.00699,0.131,1.958,1.137,0.110019,0.0295,0.0691,0.1141,0.8867,0.853,0.04108,0.02711,1.871,0.2641,132.0,0.003372,0.02723,1.046,0.1321,0.5212,0.1849,0.01123,1.162,0.124,0.003792,0.0851,0.2343,0.04057,21.89,0.1591,0.449,0.1757,0.1041,0.00676,0.835,0.3459,48.85,0.00444,11.8,2.784,0.001641,1.2,0.3129,791.0,23.4,0.4257,0.6272,0.6733,9105.0,7.055,0.1133,0.034,0.2872,0.994,0.684,0.3855,21.13,1.7063,0.004987,22.39,1.276,1269.4,36.11,48.07,0.405,1.568,0.04,2.159,0.7669,7.33,6.501,0.00672,17.09,0.1078,1.037,0.1134,5.54,0.1336,77.7,2.23,6.484,3.509,0.3091,0.798,0.00495,9.6,0.2009,0.606,5.843,0.0636,0.731,0.0534,0.04727,2.8,6.08,0.571,0.003191,2.769,3.17,2.752,0.747,0.1514,0.0873,2.513,0.497,0.2594,3.922,2.734,3.706,0.7245,0.0432,0.0112,2.269,1.824,0.009912,0.90298,0.144,0.1953,287.5,0.3508,0.511,0.02165,4.0,4.39,0.2306,0.728,0.003211,5.798,9.86,0.518,0.0949,3.795,0.003275,0.1674,2.313,2.125,0.2783,0.1664,4.718,24.87,2.928,0.2668,0.07785,1.159,0.0507,0.933,0.2971,39.9,0.3059,95.0,0.519,0.02383,0.11,0.0823,106.0,3.4e-05,0.2838,2.918,0.0585,0.03953,75.88,0.3017,0.1751,0.052,0.5028,0.5291,0.588,1.906,0.10304,0.1549,3.1425,0.3474,0.1864,6.15,0.20301,1.001,9.63,4.68,15.24,89.96,0.01068,2.6987,0.2088,0.386,0.005677,0.00523,0.2609,3.71,1.457,21.99,4.867,0.369,0.44,0.807,11.415,0.2702,2.802,6.063,0.02594,0.00492,0.0008112,0.2426,0.03398,1.057,0.4241,0.5508,1.488,7.2e-07,0.1289,0.889,0.2074,3.0486,0.0751,1.079,5.01,0.2106,443.0,10.25,0.2352,0.689,0.034,1.894,3.003,0.000343,2.703,0.002416,1.0239,0.00016377,71.69,1.475,0.2005,0.942,2.2913,1.5147,0.4856,46.49,0.6133
2023-03-01,23628.97,1665.22,12.76,97.78,3.383,0.3601,0.3835,1.208,0.2511,0.088,0.06984,21.29,0.2651,0.2721,7.536,2.575,0.3336,0.03211,0.3027,152.7,44.4,0.02131,74.13,1.728,1.194,0.4791,1.2489,12.778,0.0606,0.02211,0.4687,0.2507,0.08193,0.2364,0.03961,0.0001005,0.00734,2.1604,1.292,0.4298,0.03348,0.02537,0.3009,0.00715,0.1365,2.069,1.203,0.12826,0.03108,0.0707,0.1205,0.985,0.895,0.04263,0.02803,2.002,0.2755,134.3,0.003535,0.02897,1.06,0.1392,0.5416,0.1882,0.01197,1.185,0.1281,0.003889,0.0912,0.2511,0.04285,22.51,0.1676,0.4605,0.1844,0.1076,0.00701,0.868,0.3645,51.8,0.00451,12.35,3.033,0.001658,1.202,0.3283,926.0,23.81,0.4428,0.6574,0.6764,10352.0,7.225,0.1179,0.03614,0.2902,1.033,0.7053,0.42,21.71,1.74,0.005294,23.34,1.36,1322.3,38.2,48.5,0.415,1.682,0.0419,2.235,0.7976,7.63,6.843,0.00691,17.77,0.1106,1.159,0.117,5.61,0.1399,82.9,2.319,7.251,3.797,0.319,0.838,0.00504,9.99,0.2078,0.622,6.143,0.06644,0.748,0.0517,0.0489,2.82,6.18,0.588,0.003324,2.85,3.22,2.839,0.782,0.1848,0.097,2.597,0.5272,0.2425,3.972,2.79,3.834,0.7415,0.0441,0.01167,2.465,1.91,0.010404,0.94203,0.1498,0.2393,298.7,0.3581,0.532,0.02288,4.06,4.57,0.2251,0.7513,0.003297,6.177,10.16,0.524,0.098,4.139,0.003345,0.1763,2.2,2.191,0.2779,0.1762,4.877,25.73,3.03,0.2814,0.08069,1.196,0.0501,0.986,0.2951,40.1,0.3193,99.5,0.527,0.02512,0.114,0.0882,109.0,3.479e-05,0.2818,3.242,0.06153,0.04162,87.49,0.3274,0.1873,0.0555,0.51,0.5382,0.595,1.985,0.11096,0.1604,3.2131,0.3432,0.2081,6.32,0.21038,1.027,10.07,4.74,16.1,93.4,0.01103,2.7824,0.2219,0.394,0.006074,0.0054,0.2682,3.78,1.557,23.15,5.044,0.381,0.477,0.823,11.974,0.2839,2.956,6.392,0.02694,0.0051,0.0008423,0.2702,0.03621,1.06,0.4346,0.5587,1.608,7.3e-07,0.1462,0.904,0.2202,3.1515,0.0814,1.12,5.078,0.223,452.9,10.59,0.2396,0.707,0.0347,1.979,3.021,0.000356,2.769,0.002511,1.0174,0.00016539,76.84,1.524,0.2055,0.945,2.4811,1.6367,0.4983,47.02,0.6374
2023-03-02,23465.32,1647.86,12.34,95.39,3.252,0.3504,0.3772,1.242,0.2404,0.0875,0.06972,21.1,0.252,0.2789,7.275,2.564,0.3183,0.03078,0.2758,151.1,43.6,0.02086,72.5,1.679,1.169,0.4647,1.2274,12.466,0.0581,0.02157,0.4457,0.242,0.08056,0.2132,0.03776,9.87e-05,0.00718,1.8872,1.307,0.4131,0.0291,0.0248,0.2838,0.00711,0.1342,1.992,1.179,0.124182,0.02966,0.0689,0.1157,0.9262,0.867,0.0405,0.02733,1.906,0.2635,131.8,0.004428,0.0274,1.0553,0.1353,0.5152,0.1831,0.01163,1.164,0.1247,0.003805,0.0885,0.2518,0.04124,22.0,0.163,0.4399,0.1715,0.1021,0.006757,0.824,0.3616,49.94,0.00428,12.01,2.895,0.001638,1.193,0.3184,883.0,23.6,0.424,0.6384,0.6752,10578.0,6.964,0.1158,0.03306,0.2845,0.99,0.6894,0.4032,20.47,1.7371,0.005045,22.78,1.314,1304.5,36.42,46.2,0.406,1.634,0.0409,2.193,0.7669,7.55,6.637,0.00674,17.47,0.1082,1.098,0.1144,5.47,0.1342,79.9,2.259,6.905,3.75,0.3019,0.817,0.00543,9.76,0.2013,0.594,6.012,0.06519,0.722,0.0488,0.04711,2.8,6.25,0.565,0.003263,2.785,3.17,2.803,0.751,0.1849,0.0913,2.635,0.5178,0.232,3.913,2.756,3.66,0.7055,0.043,0.0114,2.295,1.852,0.009876,1.14981,0.1418,0.2272,290.1,0.3466,0.502,0.02152,4.0,4.45,0.2186,0.737,0.003245,5.932,9.82,0.512,0.095,3.794,0.0033,0.1717,2.099,2.103,0.2581,0.1787,4.793,25.48,2.96,0.2731,0.0793,1.144,0.0485,0.979,0.314,39.1,0.3071,94.6,0.522,0.02447,0.111,0.0826,108.4,3.412e-05,0.2916,3.038,0.0629,0.04002,86.33,0.31,0.1825,0.0557,0.4966,0.5589,0.561,1.963,0.10607,0.1527,3.1325,0.3245,0.2,6.11,0.20487,1.022,9.78,4.64,15.63,91.12,0.01076,2.7236,0.2078,0.35,0.005913,0.0054,0.2552,3.69,1.526,23.13,4.903,0.369,0.454,0.79,11.095,0.2711,2.795,6.084,0.02637,0.00494,0.0008279,0.2612,0.03454,0.988,0.4322,0.5443,1.582,7.3e-07,0.144,0.899,0.2124,3.0845,0.0767,1.113,4.993,0.2129,442.1,10.34,0.2298,0.683,0.0334,1.938,3.019,0.000347,2.723,0.002442,0.9421,0.00016951,72.78,1.467,0.1955,0.907,2.3955,1.5712,0.4891,44.19,0.6288
2023-03-03,22354.34,1569.45,11.67,90.56,3.057,0.3431,0.3774,1.323,0.2226,0.0857,0.06715,20.36,0.2298,0.2535,6.958,2.388,0.2968,0.0285,0.2517,145.0,39.6,0.01901,69.37,1.566,1.056,0.4357,1.169,12.016,0.0539,0.02006,0.4264,0.2331,0.07684,0.195,0.03549,9.52e-05,0.00659,1.6686,1.211,0.3867,0.02732,0.0263,0.3077,0.00682,0.1269,1.822,1.145,0.123427,0.02727,0.064,0.1087,0.8477,0.798,0.0386,0.0258,1.82,0.2499,126.4,0.005333,0.02493,1.0533,0.1242,0.5254,0.1686,0.0108,1.075,0.1128,0.003532,0.0814,0.2297,0.03854,21.42,0.15,0.4198,0.1562,0.0958,0.006188,0.763,0.3386,47.73,0.00396,11.0,2.876,0.001486,1.198,0.2932,892.0,22.5,0.3902,0.602,0.6773,10509.0,6.5,0.0998,0.02897,0.2529,0.935,0.6415,0.3794,19.62,1.5718,0.004575,21.76,1.24,1226.2,33.99,43.25,0.378,1.508,0.0368,2.036,0.6949,7.12,6.272,0.00669,16.66,0.0992,1.009,0.1069,5.14,0.1193,76.8,2.098,6.259,3.607,0.28,0.773,0.00608,9.11,0.1877,0.546,5.369,0.05974,0.672,0.0433,0.04342,2.69,6.07,0.528,0.002957,2.642,2.95,2.664,0.693,0.1772,0.0921,2.342,0.4787,0.2146,3.759,2.634,3.324,0.6353,0.0382,0.0106,2.129,1.692,0.008854,0.98796,0.1292,0.195,270.5,0.3289,0.472,0.0201,3.95,4.04,0.2001,0.684,0.003048,5.591,9.19,0.474,0.0885,3.452,0.003068,0.1572,1.83,2.03,0.2401,0.1663,4.459,23.83,2.857,0.2505,0.07304,1.08,0.0464,0.881,0.297,37.2,0.2965,99.4,0.492,0.02293,0.1025,0.0754,102.8,3.174e-05,0.2917,2.614,0.05819,0.03748,82.42,0.2763,0.1714,0.0523,0.4509,0.5129,0.513,1.747,0.09612,0.1451,2.9305,0.2883,0.1843,5.62,0.18051,0.878,9.12,4.53,14.24,86.66,0.00974,2.6075,0.1908,0.341,0.005497,0.0051,0.2336,3.53,1.356,21.13,4.623,0.338,0.416,0.726,10.108,0.2556,2.456,5.833,0.02306,0.00448,0.0007546,0.2498,0.03279,1.023,0.4097,0.5085,1.5,6.9e-07,0.1257,0.868,0.1927,2.7558,0.0697,1.04,4.801,0.2019,416.0,9.6,0.2134,0.644,0.0314,1.71,2.82,0.00033,2.543,0.002232,0.8729,0.0001513,67.92,1.313,0.1792,0.851,2.0534,1.3844,0.4577,41.08,0.5805
2023-03-04,22346.57,1566.73,11.98,89.34,2.981,0.3366,0.3735,1.225,0.2164,0.0837,0.0667,19.95,0.2198,0.2497,6.857,2.267,0.2957,0.0274,0.2403,146.7,38.6,0.01788,67.38,1.52,1.021,0.4237,1.1277,11.843,0.0528,0.01925,0.4015,0.2245,0.07462,0.1822,0.03362,9.43e-05,0.00687,1.5567,1.161,0.3704,0.03216,0.02426,0.2735,0.00678,0.1225,1.73,1.113,0.116159,0.02639,0.0644,0.105,0.7274,0.791,0.03729,0.02495,1.715,0.2519,124.4,0.004337,0.02407,1.0534,0.1199,0.5149,0.1651,0.0109,1.068,0.1083,0.003499,0.0787,0.2245,0.03726,20.98,0.1447,0.4188,0.1515,0.094,0.006094,0.737,0.3225,46.58,0.00402,10.74,2.875,0.001409,1.196,0.287,861.0,21.79,0.3776,0.5779,0.6741,10033.0,6.369,0.0927,0.0272,0.2487,0.909,0.6227,0.3711,18.93,1.5175,0.004377,21.35,1.201,1212.5,34.21,42.78,0.37,1.464,0.0362,2.069,0.6485,6.92,6.161,0.00672,16.14,0.0985,0.98,0.1036,5.14,0.1049,75.3,2.05,5.915,3.258,0.2697,0.751,0.00552,8.81,0.183,0.539,5.086,0.05688,0.66,0.0413,0.04067,2.66,6.01,0.517,0.00292,2.587,2.91,2.672,0.673,0.1468,0.1076,2.271,0.4672,0.2001,3.803,2.577,3.257,0.6026,0.0371,0.01031,2.071,1.607,0.008249,0.93439,0.1282,0.1806,257.6,0.3194,0.47,0.01869,3.93,4.07,0.1887,0.688,0.002917,5.399,8.87,0.46,0.0902,3.199,0.00303,0.1499,1.767,1.989,0.231,0.171,4.399,23.52,2.849,0.2418,0.07143,1.054,0.0457,0.826,0.2865,36.2,0.2882,94.1,0.5,0.02367,0.1003,0.072,103.0,3.145e-05,0.286,2.389,0.05639,0.03504,77.6,0.2653,0.1649,0.0563,0.4274,0.5169,0.492,1.834,0.09391,0.1402,2.8849,0.2652,0.181,5.57,0.17368,0.723,9.22,4.45,14.04,85.17,0.00933,2.5911,0.1852,0.356,0.005249,0.0052,0.2264,3.52,1.242,20.43,4.601,0.326,0.407,0.705,9.732,0.2444,2.214,5.842,0.02242,0.00447,0.0007345,0.2429,0.03055,0.995,0.4048,0.4954,1.444,6.9e-07,0.1189,0.866,0.1819,2.7614,0.067,1.035,4.746,0.2034,412.8,9.8,0.2138,0.656,0.0308,1.624,2.553,0.000321,2.368,0.002197,0.7919,0.00014592,65.77,1.372,0.1763,0.842,1.9014,1.2308,0.4564,39.16,0.6023
2023-03-05,22430.24,1564.58,12.06,89.93,2.952,0.337,0.3668,1.225,0.2156,0.0827,0.06725,19.75,0.2234,0.2486,6.945,2.267,0.2924,0.02756,0.2378,149.6,38.1,0.01784,65.32,1.493,0.994,0.4165,1.136,12.019,0.0524,0.01939,0.3997,0.2257,0.07474,0.1791,0.03467,9.41e-05,0.00679,1.6763,1.144,0.3701,0.02926,0.02481,0.2682,0.00677,0.1222,1.728,1.114,0.11498,0.02604,0.0639,0.1059,0.7476,0.79,0.03764,0.02488,1.73,0.2453,124.0,0.004125,0.02471,1.0558,0.119,0.4989,0.1677,0.01184,1.059,0.11,0.003511,0.0796,0.2333,0.03791,20.97,0.1442,0.4149,0.1501,0.0936,0.006154,0.731,0.3273,45.67,0.00393,10.72,3.111,0.001485,1.198,0.286,948.0,21.43,0.3741,0.5767,0.6762,10190.0,6.342,0.0933,0.03678,0.2517,0.93,0.6147,0.3936,18.71,1.5121,0.004314,21.15,1.202,1216.1,34.6,43.04,0.376,1.48,0.0363,2.075,0.6362,6.95,6.351,0.00664,16.14,0.0986,1.014,0.1048,5.23,0.1054,75.0,2.031,6.139,3.344,0.2687,0.743,0.00566,8.78,0.1868,0.537,5.134,0.05759,0.668,0.0404,0.04099,2.63,5.96,0.514,0.002879,2.586,2.89,2.685,0.689,0.1728,0.1206,2.266,0.4482,0.2037,3.763,2.567,3.212,0.6163,0.0379,0.01028,2.343,1.595,0.008352,1.01671,0.1277,0.1994,260.4,0.3176,0.464,0.01897,3.97,4.06,0.1889,0.6767,0.002899,5.339,8.71,0.456,0.089,3.303,0.003079,0.1602,1.775,1.981,0.2322,0.1732,4.48,23.37,2.841,0.2408,0.07055,1.046,0.0467,0.823,0.2812,36.5,0.2905,99.2,0.495,0.02426,0.1008,0.0714,102.9,3.125e-05,0.2841,2.414,0.05821,0.03625,78.47,0.2681,0.1634,0.0582,0.4383,0.5272,0.486,1.832,0.09353,0.1398,2.8794,0.2687,0.1844,5.67,0.17385,0.742,9.26,4.4,13.82,87.93,0.00942,2.5703,0.1838,0.384,0.005352,0.00505,0.2247,3.44,1.199,24.46,4.547,0.335,0.417,0.701,9.626,0.2541,2.348,5.868,0.02189,0.00445,0.0007246,0.2425,0.03214,1.05,0.4055,0.5026,1.446,6.8e-07,0.1188,0.854,0.1799,2.715,0.0667,1.026,4.769,0.2038,415.9,9.83,0.2144,0.645,0.0306,1.644,2.624,0.000328,2.431,0.002209,0.7772,0.00014466,68.01,1.383,0.1765,0.851,1.929,1.2849,0.4586,40.12,0.6031
2023-03-06,22410.0,1565.84,11.79,87.36,3.037,0.3305,0.3695,1.212,0.2129,0.0835,0.06739,19.65,0.225,0.2486,6.854,2.331,0.296,0.02742,0.2399,154.0,38.5,0.01793,62.48,1.503,1.016,0.4255,1.1309,11.978,0.0514,0.01961,0.4168,0.2251,0.07479,0.1833,0.03404,9.31e-05,0.00674,1.596,1.182,0.3713,0.03227,0.02463,0.2634,0.00672,0.1233,1.732,1.136,0.124053,0.02601,0.0639,0.1074,0.7473,0.814,0.03799,0.02498,1.724,0.2409,124.2,0.004151,0.02388,1.0649,0.122,0.5068,0.1686,0.0115,1.044,0.1168,0.003418,0.0809,0.2296,0.03876,20.63,0.1453,0.4062,0.1532,0.0926,0.006017,0.736,0.3298,46.36,0.00386,10.98,3.115,0.001498,1.199,0.2838,910.0,21.69,0.3777,0.6109,0.6737,10068.0,6.391,0.092,0.03295,0.2555,0.948,0.6285,0.394,18.25,1.5325,0.004319,21.32,1.216,1230.6,34.65,43.92,0.372,1.495,0.036,2.044,0.6516,7.01,6.337,0.0068,16.52,0.0966,1.005,0.1058,5.13,0.1096,76.6,2.055,6.098,3.323,0.2705,0.765,0.00579,8.89,0.1854,0.53,5.2,0.0582,0.67,0.0414,0.04248,2.68,6.01,0.526,0.002918,2.57,2.93,2.674,0.672,0.1516,0.1256,2.235,0.4547,0.2043,3.762,2.594,3.112,0.611,0.0378,0.01019,2.285,1.637,0.008529,1.07228,0.1285,0.1993,260.5,0.3304,0.459,0.0194,3.95,3.92,0.1956,0.68,0.002913,5.319,8.77,0.441,0.0889,3.648,0.003043,0.1622,1.784,1.997,0.2318,0.167,4.614,22.78,2.875,0.2451,0.07015,1.052,0.0461,0.814,0.2673,36.2,0.2965,98.1,0.497,0.02372,0.1006,0.0713,104.8,3.099e-05,0.2856,2.436,0.05773,0.0389,80.23,0.2764,0.1627,0.0624,0.4247,0.5326,0.455,1.766,0.09638,0.1405,2.9173,0.2644,0.1816,5.57,0.17736,0.744,9.05,4.44,13.83,91.22,0.00946,2.5793,0.1818,0.396,0.005502,0.00488,0.223,3.43,1.215,22.87,4.556,0.329,0.405,0.694,9.781,0.2531,2.335,5.993,0.02216,0.00442,0.0007317,0.2449,0.03137,1.051,0.4006,0.5411,1.446,6.8e-07,0.1168,0.846,0.1861,2.6032,0.0681,1.04,4.807,0.1979,418.9,9.56,0.2098,0.647,0.031,1.672,2.59,0.000325,2.517,0.00224,0.7869,0.00014604,71.41,1.375,0.174,0.857,1.9351,1.3834,0.4538,38.81,0.5943
2023-03-07,22197.96,1561.96,11.56,86.29,2.932,0.3306,0.3801,1.181,0.2086,0.0827,0.06629,19.21,0.2191,0.2469,6.881,2.268,0.2867,0.02666,0.2329,150.3,37.7,0.01686,62.06,1.455,1.003,0.4289,1.1501,11.75,0.0517,0.01868,0.3987,0.2172,0.07407,0.1805,0.03219,9.01e-05,0.00645,1.5062,1.123,0.3649,0.03256,0.02396,0.2523,0.00671,0.1208,1.683,1.109,0.113739,0.02538,0.0626,0.1037,0.6755,0.808,0.03742,0.02396,1.655,0.2272,122.1,0.003825,0.02362,1.0526,0.1206,0.4899,0.1612,0.01118,1.011,0.1124,0.003334,0.0787,0.2132,0.03789,20.25,0.1407,0.3911,0.1502,0.0921,0.006042,0.726,0.3208,45.41,0.00375,10.72,2.928,0.001391,1.182,0.2769,922.0,21.18,0.3659,0.5904,0.6611,9579.0,6.316,0.0876,0.03106,0.2469,0.973,0.6094,0.3738,17.51,1.4907,0.004132,20.79,1.19,1221.7,33.09,42.07,0.363,1.465,0.0349,1.99,0.6328,6.8,6.429,0.00659,16.17,0.0942,0.973,0.1041,4.99,0.1057,75.2,2.002,5.969,3.176,0.2617,0.737,0.00539,8.63,0.1801,0.517,5.057,0.0559,0.646,0.0395,0.04064,2.66,6.0,0.508,0.002823,2.618,2.96,2.746,0.643,0.1348,0.1257,2.131,0.4521,0.19,3.751,2.587,3.063,0.5676,0.0365,0.00998,2.144,1.574,0.00829,0.98651,0.1247,0.2197,266.2,0.3327,0.442,0.01849,3.92,3.71,0.1889,0.6598,0.002868,5.336,8.37,0.433,0.0914,3.81,0.002995,0.1617,1.761,1.94,0.2216,0.163,4.459,22.12,2.831,0.2391,0.06719,1.013,0.0438,0.779,0.249,36.0,0.3195,97.8,0.49,0.02256,0.0977,0.0682,104.0,3.046e-05,0.2737,2.252,0.05633,0.03701,76.13,0.2648,0.1576,0.0581,0.4225,0.5602,0.423,1.706,0.09446,0.1341,2.9267,0.249,0.1832,5.46,0.17239,0.721,8.86,4.6,13.9,86.16,0.00911,2.6262,0.1849,0.485,0.005325,0.00467,0.2145,3.4,1.18,24.38,4.789,0.313,0.388,0.676,9.392,0.2714,2.251,5.961,0.02141,0.00429,0.0007147,0.2386,0.03059,1.088,0.3938,0.5121,1.415,6.8e-07,0.1121,0.838,0.185,2.5324,0.0656,1.034,4.734,0.1967,410.4,9.43,0.2033,0.638,0.03,1.638,2.553,0.000391,2.402,0.00215,0.7668,0.00014197,71.67,1.333,0.166,0.845,1.9198,1.3877,0.438,36.96,0.5825
2023-03-08,21705.44,1532.38,10.51,82.76,2.768,0.3175,0.3889,1.119,0.1997,0.0816,0.06532,18.25,0.2003,0.2489,6.577,2.123,0.2683,0.02446,0.2159,143.3,35.6,0.01558,58.16,1.373,0.955,0.3913,1.0507,10.958,0.051,0.01718,0.3587,0.2017,0.07112,0.168,0.0297,8.64e-05,0.00624,1.4202,1.054,0.3485,0.03393,0.02233,0.2366,0.00658,0.1108,1.582,1.027,0.098995,0.02391,0.0606,0.0972,0.6257,0.832,0.03513,0.02275,1.503,0.2094,116.6,0.004233,0.02259,1.0522,0.1105,0.4436,0.1608,0.01094,0.959,0.1078,0.003065,0.0728,0.1986,0.03593,18.41,0.1296,0.3705,0.1429,0.0863,0.005884,0.665,0.2979,40.97,0.0036,10.06,2.607,0.001315,1.183,0.2582,876.0,20.15,0.3369,0.5475,0.6611,8126.0,6.162,0.0819,0.02847,0.2354,0.89,0.5692,0.334,16.64,1.3617,0.003807,19.72,1.114,1170.2,31.79,39.99,0.351,1.365,0.0333,1.888,0.5915,6.51,6.103,0.00635,15.12,0.087,0.924,0.099,4.78,0.0983,71.7,1.842,5.782,2.862,0.2418,0.723,0.00473,7.91,0.1782,0.49,4.695,0.05215,0.603,0.0369,0.03886,2.65,5.42,0.472,0.002652,2.532,2.81,2.613,0.595,0.1141,0.1051,2.065,0.426,0.1724,3.712,2.548,2.92,0.5217,0.0352,0.0095,2.01,1.448,0.007835,0.89662,0.1178,0.1888,244.7,0.3443,0.423,0.01731,3.77,3.5,0.1759,0.6726,0.002781,5.046,7.61,0.415,0.0852,3.387,0.002819,0.1512,1.77,1.873,0.2048,0.1491,4.24,22.03,2.786,0.2175,0.06209,0.948,0.0406,0.711,0.2407,34.8,0.3162,94.4,0.48,0.02135,0.093,0.0651,101.9,2.902e-05,0.2785,1.996,0.05295,0.0337,66.76,0.2401,0.1484,0.0522,0.3912,0.5793,0.394,1.633,0.08727,0.1254,2.773,0.2319,0.1811,5.12,0.16543,0.675,8.31,4.55,12.81,81.48,0.0085,2.4833,0.1695,0.518,0.005114,0.00428,0.2016,3.18,1.071,22.21,4.636,0.303,0.357,0.639,8.95,0.2521,1.985,5.488,0.0201,0.00404,0.0006693,0.2222,0.02583,0.962,0.3817,0.5185,1.321,6.7e-07,0.1032,0.811,0.1709,2.4136,0.0604,0.959,4.357,0.1879,395.6,9.05,0.1888,0.61,0.0331,1.496,2.359,0.000347,2.234,0.001937,0.6834,0.00013087,67.75,1.263,0.1532,0.801,1.7318,1.2726,0.4182,37.03,0.5597
2023-03-09,20362.22,1437.32,9.89,76.68,2.566,0.3101,0.3706,1.056,0.1911,0.0771,0.05863,17.07,0.189,0.2239,6.16,1.985,0.2493,0.02258,0.1993,142.3,34.2,0.01509,54.7,1.264,0.883,0.3585,1.0172,11.032,0.0472,0.01588,0.3353,0.1934,0.06595,0.1564,0.02785,8.07e-05,0.00586,1.3005,0.985,0.34,0.03494,0.02029,0.2235,0.00625,0.1056,1.454,0.991,0.08815,0.02223,0.0574,0.0892,0.5767,0.853,0.03265,0.02173,1.324,0.1923,110.2,0.003628,0.02128,1.051,0.1049,0.4033,0.1509,0.01033,0.895,0.1021,0.002822,0.0684,0.19,0.03337,17.33,0.1219,0.3445,0.1356,0.079,0.005286,0.624,0.2733,38.69,0.00336,9.28,2.367,0.001236,1.187,0.2402,809.0,18.89,0.3124,0.5168,0.6592,7477.0,5.716,0.0742,0.02633,0.22,0.839,0.5341,0.3117,16.24,1.2921,0.003613,18.2,1.058,1113.4,31.83,37.87,0.328,1.272,0.0313,1.761,0.5483,6.2,5.722,0.00594,14.41,0.0829,0.874,0.0944,4.51,0.0937,68.6,1.788,5.509,2.648,0.2205,0.708,0.00443,7.37,0.1644,0.46,4.344,0.04909,0.574,0.0346,0.03521,2.5,5.28,0.438,0.002527,2.35,2.66,2.528,0.555,0.1211,0.0882,1.891,0.407,0.1534,3.588,2.417,2.69,0.4947,0.0326,0.00902,1.918,1.339,0.007202,0.80966,0.1076,0.1669,225.4,0.3163,0.394,0.01625,3.65,3.24,0.1605,0.6006,0.002537,4.768,7.44,0.392,0.0791,2.945,0.002609,0.1423,1.553,1.733,0.2145,0.1412,3.942,20.71,2.698,0.2052,0.05883,0.892,0.0383,0.668,0.2525,33.1,0.2941,86.8,0.452,0.02079,0.0891,0.0598,96.0,2.746e-05,0.2841,2.057,0.05036,0.0323,61.69,0.227,0.1396,0.0592,0.3725,0.5209,0.381,1.54,0.08219,0.118,2.6177,0.2225,0.165,4.93,0.15005,0.639,7.82,4.4,12.13,76.9,0.00807,2.3762,0.157,0.373,0.004785,0.00438,0.1879,3.09,1.042,20.4,4.287,0.286,0.338,0.626,8.38,0.2358,1.822,5.144,0.01881,0.00379,0.0006284,0.2104,0.02612,0.929,0.3667,0.4632,1.232,6.3e-07,0.0963,0.774,0.1613,2.2634,0.0569,0.932,3.987,0.1799,388.3,8.5,0.1752,0.597,0.0291,1.39,2.28,0.000303,2.202,0.001802,0.7173,0.00012918,64.5,1.198,0.1409,0.797,1.6849,1.198,0.3907,36.68,0.5052
2023-03-10,20150.69,1426.44,9.81,71.37,2.506,0.3149,0.37,1.043,0.1874,0.0781,0.05736,17.43,0.1914,0.2402,6.215,1.971,0.2501,0.02303,0.2011,135.2,32.1,0.01581,49.93,1.274,0.909,0.3568,1.0575,11.141,0.0469,0.01619,0.3393,0.1883,0.06572,0.1578,0.02777,7.93e-05,0.0058,1.3782,0.988,0.3451,0.03469,0.0208,0.2308,0.00628,0.11,1.46,1.011,0.081865,0.02243,0.0589,0.0901,0.6038,0.938,0.03236,0.02246,1.305,0.1931,111.5,0.003484,0.02062,1.0598,0.106,0.5062,0.1469,0.0099,0.903,0.0978,0.002848,0.0682,0.1876,0.03292,18.17,0.1225,0.345,0.139,0.0795,0.005242,0.61,0.2727,38.81,0.00339,9.12,2.242,0.001276,1.195,0.2414,781.0,18.65,0.307,0.5268,0.6571,7747.0,5.649,0.073,0.0299,0.2277,0.887,0.5371,0.3447,16.2,1.2991,0.003653,19.74,1.089,1095.0,32.21,38.4,0.324,1.233,0.0311,1.776,0.5413,5.85,5.62,0.00582,14.8,0.0831,0.853,0.0938,4.43,0.0945,68.3,1.798,5.313,3.031,0.2236,0.728,0.00438,7.4,0.171,0.461,4.312,0.04986,0.578,0.0342,0.03697,2.47,5.28,0.446,0.002502,2.315,2.62,2.603,0.574,0.1076,0.1037,1.847,0.4062,0.1518,3.563,2.444,2.653,0.4688,0.0321,0.00886,1.885,1.374,0.00694,0.799,0.1056,0.16,228.0,0.3338,0.395,0.01653,3.7,3.25,0.1645,0.5799,0.002545,4.923,7.66,0.399,0.0754,2.845,0.002588,0.143,1.541,1.729,0.2254,0.1417,3.899,20.31,2.688,0.1954,0.05887,0.878,0.0372,0.636,0.2549,31.9,0.2855,84.7,0.451,0.02022,0.0912,0.0609,95.1,2.735e-05,0.2841,1.998,0.04998,0.03278,60.43,0.2242,0.1463,0.0528,0.3749,0.4728,0.366,1.514,0.07972,0.117,2.5484,0.2175,0.1608,4.94,0.15557,0.581,7.75,4.44,12.41,75.24,0.00809,2.3127,0.1569,0.327,0.004928,0.00416,0.1868,3.13,1.061,19.68,4.095,0.28,0.341,0.618,7.837,0.2257,1.863,4.997,0.01869,0.0037,0.0006395,0.2137,0.02617,0.837,0.3565,0.4463,1.268,6e-07,0.096,0.763,0.1708,2.2395,0.0577,0.937,4.033,0.1775,408.7,8.51,0.1769,0.594,0.0277,1.42,2.307,0.000302,2.135,0.00185,0.679,0.00012462,63.55,1.158,0.1416,0.803,1.6476,1.1569,0.387,35.38,0.4886
2023-03-11,20455.73,1471.97,9.53,69.21,2.485,0.3051,0.3638,0.994,0.1914,0.0788,0.05877,17.15,0.1855,0.2423,6.162,1.938,0.2498,0.02254,0.1979,140.0,31.4,0.0155,46.74,1.244,0.902,0.3518,1.0563,11.019,0.0468,0.0157,0.3348,0.1872,0.06604,0.1532,0.02757,7.98e-05,0.00566,1.2875,0.969,0.3523,0.03207,0.02013,0.2142,0.00629,0.109,1.456,0.982,0.077601,0.02217,0.0583,0.0891,0.6098,0.88,0.03107,0.02223,1.285,0.187,113.6,0.003199,0.02026,1.0729,0.1033,0.4354,0.1457,0.00998,0.902,0.0975,0.002888,0.0645,0.1859,0.0323,18.07,0.1181,0.3438,0.1358,0.0793,0.005224,0.599,0.2725,37.94,0.00341,9.03,2.184,0.001264,1.226,0.2347,722.0,18.03,0.303,0.5183,0.6622,7502.0,5.795,0.0687,0.02843,0.218,0.86,0.5282,0.3399,15.72,1.2787,0.003548,18.82,1.072,1072.2,30.01,38.37,0.319,1.21,0.0303,1.791,0.5176,5.61,5.434,0.00585,14.51,0.0819,0.833,0.0917,4.3,0.0917,66.8,1.797,4.95,3.115,0.222,0.742,0.0043,7.3,0.1584,0.459,4.282,0.04874,0.56,0.0336,0.03549,2.45,5.23,0.438,0.002468,2.441,2.64,2.56,0.536,0.0957,0.106,1.826,0.416,0.1443,3.496,2.424,2.652,0.4534,0.0316,0.0087,1.826,1.363,0.00675,0.77525,0.1056,0.1469,223.0,0.3296,0.392,0.01609,3.64,3.19,0.1614,0.5674,0.002535,4.718,7.54,0.391,0.0729,2.811,0.002649,0.1407,1.508,1.678,0.2207,0.1354,3.833,19.69,2.692,0.1898,0.0587,0.867,0.0354,0.615,0.2384,31.1,0.2807,78.1,0.439,0.01964,0.0888,0.0608,97.4,2.695e-05,0.3089,1.878,0.04829,0.03129,62.5,0.2207,0.1424,0.058,0.3627,0.449,0.35,1.453,0.07916,0.1085,2.5677,0.207,0.158,4.93,0.15469,0.587,7.42,4.52,12.16,74.97,0.00786,2.3114,0.1552,0.305,0.004829,0.00403,0.1856,3.04,0.978,19.15,4.055,0.268,0.324,0.597,7.595,0.2155,1.723,4.995,0.01847,0.00358,0.0006324,0.1943,0.0253,0.814,0.3508,0.4224,1.237,6.1e-07,0.0909,0.753,0.1673,2.2416,0.0549,0.916,3.775,0.1726,416.0,8.38,0.1775,0.584,0.0267,1.384,2.13,0.000296,1.887,0.001815,0.6037,0.00012078,61.08,1.133,0.1389,0.796,1.5609,1.0671,0.3782,34.17,0.4872
2023-03-12,21997.11,1580.33,10.31,76.26,2.717,0.3298,0.3714,1.049,0.2028,0.0822,0.06458,18.72,0.1991,0.2553,6.551,2.105,0.2676,0.02444,0.2123,149.9,34.2,0.01688,53.23,1.356,0.976,0.3835,1.1491,11.695,0.0497,0.01798,0.3941,0.2011,0.07051,0.168,0.03018,8.49e-05,0.00602,1.4157,1.051,0.3971,0.03272,0.0215,0.2301,0.00668,0.1147,1.585,1.05,0.092119,0.0241,0.0618,0.0956,0.746,0.991,0.03433,0.02399,1.429,0.2069,120.2,0.003425,0.0218,1.064,0.1116,0.4565,0.1575,0.01039,0.96,0.1066,0.003058,0.0709,0.1985,0.03503,20.2,0.1307,0.3653,0.146,0.0835,0.005564,0.66,0.3137,42.53,0.00365,9.83,2.782,0.001368,1.229,0.254,896.0,19.46,0.3315,0.5686,0.6635,8193.0,6.384,0.078,0.03058,0.2308,0.951,0.5863,0.3708,16.79,1.3739,0.003966,20.57,1.163,1151.1,32.38,40.75,0.341,1.331,0.0325,1.899,0.5774,6.02,5.897,0.00623,16.18,0.0877,0.89,0.0961,4.69,0.1049,72.7,1.941,5.714,3.696,0.2432,0.781,0.00448,7.89,0.1691,0.489,4.691,0.05379,0.598,0.0363,0.03983,2.55,5.42,0.474,0.002665,2.492,2.75,2.618,0.574,0.1147,0.1128,1.968,0.4482,0.1585,3.652,2.499,2.881,0.5187,0.0335,0.00932,1.982,1.489,0.00753,0.84565,0.1126,0.1835,239.5,0.3486,0.418,0.01741,3.74,3.45,0.178,0.6016,0.002691,5.226,8.29,0.417,0.0782,3.082,0.002808,0.1525,1.66,1.785,0.2337,0.1454,4.059,21.2,2.85,0.2134,0.06183,0.93,0.0388,0.69,0.2531,33.1,0.2983,85.3,0.467,0.02162,0.0948,0.0643,103.6,2.881e-05,0.3206,2.233,0.05198,0.03505,65.77,0.2407,0.1519,0.0578,0.3848,0.4779,0.389,1.573,0.08472,0.1179,2.6778,0.2305,0.171,5.35,0.16877,0.623,8.07,4.59,13.02,80.21,0.00853,2.3994,0.165,0.345,0.005246,0.00432,0.2,3.22,1.238,20.08,4.264,0.287,0.35,0.641,8.74,0.2336,2.171,5.39,0.01968,0.00386,0.000691,0.2144,0.02873,0.932,0.3762,0.4649,1.369,6.4e-07,0.0983,0.796,0.1784,2.3345,0.0608,0.983,4.513,0.1813,438.0,9.0,0.1896,0.61,0.0284,1.543,2.45,0.000313,2.345,0.001983,0.7194,0.00012864,68.06,1.245,0.1484,0.835,1.7846,1.2702,0.398,37.12,0.5255
2023-03-13,24113.48,1673.45,11.07,81.46,2.857,0.3433,0.3724,1.078,0.2152,0.0844,0.06694,19.56,0.2108,0.2602,6.761,2.227,0.2842,0.02621,0.2252,152.3,35.3,0.01879,56.36,1.434,1.02,0.4063,1.1929,11.984,0.0538,0.01909,0.414,0.2122,0.07279,0.1726,0.03417,8.77e-05,0.00638,1.5246,1.126,0.4616,0.03257,0.02247,0.2361,0.00664,0.1182,1.684,1.088,0.09311,0.02556,0.0645,0.1005,0.7967,1.085,0.03607,0.02521,1.494,0.2168,126.6,0.003806,0.02293,1.0764,0.1174,0.4746,0.1626,0.01053,1.031,0.1122,0.003302,0.0746,0.2036,0.03626,20.4,0.1375,0.3925,0.1533,0.0896,0.005989,0.706,0.3233,44.73,0.00394,10.39,3.148,0.001405,1.234,0.2689,909.0,20.2,0.3545,0.5952,0.6721,9121.0,6.592,0.0836,0.03195,0.2391,0.977,0.618,0.3852,17.56,1.4123,0.004165,21.9,1.227,1171.0,33.54,42.73,0.356,1.408,0.0339,1.963,0.6115,6.33,6.09,0.00648,16.47,0.0922,0.942,0.0998,4.93,0.1075,76.0,2.036,6.376,4.135,0.2575,0.795,0.00476,8.32,0.1737,0.522,4.872,0.05968,0.611,0.0381,0.0422,2.59,5.44,0.5,0.002774,2.551,2.83,2.647,0.611,0.1314,0.1168,2.085,0.4661,0.1657,3.792,2.486,3.071,0.5505,0.0346,0.01,2.072,1.55,0.008126,0.86469,0.1191,0.2589,244.0,0.3681,0.453,0.01844,3.78,3.57,0.1853,0.6318,0.002793,5.364,8.51,0.43,0.0809,3.25,0.002862,0.1565,1.716,1.851,0.2488,0.1554,4.158,21.52,2.922,0.224,0.0644,0.987,0.0408,0.738,0.2627,34.2,0.3111,92.7,0.487,0.02278,0.098,0.0695,107.3,3.06e-05,0.346,2.389,0.05497,0.0379,69.91,0.2637,0.1645,0.0601,0.3999,0.4949,0.416,1.618,0.0881,0.1226,2.7106,0.2366,0.1854,5.69,0.17844,0.673,8.48,4.65,13.17,83.65,0.00881,2.4599,0.1792,0.348,0.0057,0.00431,0.2147,3.33,1.277,21.3,4.342,0.295,0.365,0.673,8.99,0.2445,2.197,5.633,0.02096,0.00394,0.0007124,0.2158,0.03422,0.977,0.4034,0.4879,1.434,6.6e-07,0.1027,0.846,0.1902,2.3715,0.0655,1.023,4.463,0.1888,454.2,9.68,0.2017,0.635,0.0296,1.632,2.671,0.000322,2.615,0.002049,0.75,0.00013188,74.66,1.292,0.1607,0.864,1.8773,1.3883,0.424,42.85,0.5578
2023-03-14,24670.41,1699.4,11.52,83.94,2.945,0.3429,0.3724,1.107,0.219,0.0883,0.06695,20.22,0.2185,0.28,6.96,2.347,0.2932,0.02816,0.2358,149.6,36.1,0.02011,58.33,1.506,1.068,0.4289,1.1962,13.04,0.0577,0.02068,0.4475,0.2222,0.07456,0.1924,0.03614,9.03e-05,0.00685,1.6173,1.188,0.5172,0.03433,0.02323,0.2535,0.00674,0.1224,1.769,1.193,0.103477,0.02797,0.0658,0.1071,0.9656,1.114,0.03763,0.02599,1.613,0.2415,131.0,0.003893,0.0235,1.0731,0.1227,0.4716,0.1676,0.01103,1.074,0.1115,0.003388,0.0766,0.21,0.03765,20.86,0.148,0.4109,0.1586,0.0932,0.006174,0.737,0.3424,46.61,0.0041,10.93,3.144,0.001424,1.225,0.2834,859.0,19.95,0.3688,0.6104,0.6728,8975.0,6.738,0.0891,0.03621,0.2526,0.988,0.6432,0.4195,18.59,1.4549,0.004246,23.16,1.248,1181.4,36.04,43.64,0.366,1.452,0.0352,2.013,0.6453,6.42,6.317,0.00651,17.15,0.0968,0.954,0.1094,4.91,0.1132,79.1,2.116,6.751,4.265,0.2724,0.819,0.00488,8.6,0.1809,0.544,5.064,0.0659,0.621,0.0396,0.04473,2.64,5.54,0.526,0.002845,2.604,2.86,2.693,0.641,0.167,0.1082,2.135,0.4756,0.1786,3.804,2.535,3.208,0.5699,0.0356,0.01038,2.086,1.632,0.008474,0.95698,0.125,0.3002,245.3,0.3729,0.475,0.01949,3.82,3.58,0.1912,0.6539,0.002849,5.529,8.79,0.439,0.086,3.48,0.002957,0.1622,1.783,1.912,0.2508,0.1603,4.219,21.82,2.97,0.233,0.06579,1.039,0.0417,0.805,0.2683,35.8,0.3076,94.0,0.496,0.02342,0.0986,0.0722,110.1,3.16e-05,0.3507,2.574,0.05562,0.0429,72.29,0.2779,0.1709,0.0654,0.4163,0.5125,0.455,1.659,0.09025,0.1269,2.8145,0.2525,0.1925,5.82,0.18301,0.68,8.63,4.75,13.89,85.28,0.00923,2.4464,0.1857,0.332,0.005333,0.00436,0.2205,3.5,1.383,22.26,4.43,0.308,0.386,0.679,8.96,0.2537,2.392,5.919,0.02219,0.00416,0.0007408,0.2255,0.03651,1.179,0.4246,0.5122,1.525,6.7e-07,0.106,0.878,0.2195,2.4009,0.0675,1.036,4.27,0.1913,464.6,9.81,0.2088,0.643,0.031,1.7,2.754,0.000331,2.71,0.002157,0.7962,0.00013291,75.28,1.303,0.1688,0.893,2.1314,1.6375,0.4397,42.88,0.571
2023-03-15,24285.66,1649.96,10.43,76.43,2.753,0.3241,0.3589,1.039,0.2047,0.0837,0.06517,18.4,0.2017,0.2605,6.546,2.119,0.2792,0.0268,0.2165,146.2,33.3,0.01879,52.0,1.349,1.01,0.3855,1.1115,12.416,0.0548,0.01889,0.3894,0.2039,0.06963,0.2005,0.03468,8.53e-05,0.00655,1.4531,1.13,0.4993,0.0314,0.0218,0.2625,0.00655,0.1138,1.597,1.146,0.090314,0.02555,0.0599,0.0958,0.8771,1.083,0.03735,0.02376,1.492,0.2628,123.2,0.003579,0.02202,1.0546,0.1102,0.4404,0.1617,0.01166,1.03,0.1071,0.003188,0.0707,0.2009,0.03696,19.24,0.1404,0.3911,0.1467,0.0881,0.005803,0.672,0.3125,42.77,0.00392,9.88,2.653,0.00135,1.208,0.264,747.0,18.4,0.341,0.5561,0.6612,8145.0,6.28,0.0788,0.03383,0.2358,0.89,0.5852,0.3882,19.19,1.3378,0.003702,21.77,1.126,1111.6,32.9,40.55,0.342,1.338,0.0327,1.922,0.5825,6.06,5.909,0.0062,15.55,0.0886,0.895,0.094,4.58,0.1038,73.9,1.921,5.595,4.028,0.2428,0.754,0.00462,7.82,0.1749,0.511,4.495,0.05919,0.584,0.0369,0.04071,2.54,5.29,0.488,0.002596,2.533,2.7,2.678,0.591,0.1515,0.0966,2.063,0.4323,0.1752,3.713,2.485,2.95,0.5205,0.0333,0.00962,1.907,1.489,0.007639,0.86386,0.1178,0.2739,238.1,0.3565,0.443,0.01766,3.67,3.42,0.1735,0.5925,0.002689,5.168,7.86,0.428,0.0799,3.808,0.002804,0.1461,1.611,1.782,0.2342,0.1601,3.957,20.98,2.703,0.2072,0.06028,0.967,0.0385,0.771,0.2445,33.8,0.2892,85.7,0.474,0.02154,0.0935,0.0666,104.9,2.963e-05,0.3131,2.274,0.05311,0.03797,66.84,0.2344,0.1586,0.0768,0.4246,0.4826,0.4,1.583,0.08695,0.1176,2.7403,0.2302,0.1801,5.47,0.16568,0.583,7.96,4.53,12.59,80.3,0.00845,2.4388,0.174,0.311,0.004762,0.00405,0.2044,3.2,1.253,21.16,4.693,0.283,0.36,0.634,8.156,0.2503,2.156,5.523,0.02007,0.00393,0.0006735,0.2068,0.03398,1.167,0.406,0.472,1.385,6.6e-07,0.0984,0.796,0.2021,2.3152,0.0616,0.979,4.096,0.1809,450.6,9.42,0.1987,0.617,0.033,1.56,2.299,0.000307,2.404,0.001933,0.7287,0.00012377,79.18,1.206,0.1578,0.847,1.8867,1.4999,0.411,38.61,0.5301
2023-03-16,24998.78,1673.73,10.86,78.86,2.805,0.3249,0.3647,1.079,0.2121,0.0845,0.06512,18.73,0.2063,0.2726,6.656,2.169,0.2907,0.02737,0.222,149.0,33.9,0.01905,52.94,1.365,1.018,0.3903,1.1478,12.814,0.0561,0.0194,0.4097,0.2084,0.07256,0.1972,0.03532,8.65e-05,0.00658,1.4644,1.229,0.5173,0.03163,0.02198,0.2688,0.00664,0.1168,1.625,1.185,0.091207,0.0256,0.0609,0.0992,0.9104,0.992,0.04201,0.024,1.514,0.2516,125.8,0.003594,0.02256,1.0564,0.1122,0.4569,0.1647,0.01123,1.08,0.1103,0.003268,0.0726,0.2045,0.03664,19.67,0.1442,0.4096,0.1502,0.0907,0.005915,0.687,0.318,43.14,0.00402,10.01,2.809,0.001485,1.213,0.2668,704.0,20.24,0.3482,0.5728,0.6667,8255.0,6.331,0.0813,0.03374,0.2407,0.911,0.5976,0.39,19.09,1.371,0.003867,22.43,1.167,1119.6,32.97,40.72,0.355,1.358,0.0334,2.11,0.5901,6.29,5.903,0.00627,15.83,0.091,0.912,0.0957,4.79,0.1057,74.8,1.963,5.804,4.066,0.2472,0.764,0.00474,8.0,0.1753,0.548,4.573,0.05782,0.618,0.0376,0.04124,2.577,5.32,0.493,0.002616,2.563,2.791,2.695,0.612,0.1563,0.0976,2.097,0.4447,0.1803,3.834,2.491,3.015,0.5422,0.0342,0.00965,1.969,1.523,0.007629,0.87568,0.1224,0.2923,245.2,0.3656,0.459,0.01814,3.75,3.54,0.179,0.6214,0.002794,5.165,8.63,0.445,0.0795,3.926,0.002827,0.1579,1.625,1.807,0.2349,0.1632,4.138,21.8,2.739,0.2129,0.06201,0.996,0.0409,0.8,0.2488,35.6,0.292,88.5,0.504,0.02269,0.0997,0.0679,107.6,3.019e-05,0.3164,2.386,0.05504,0.03987,66.37,0.2438,0.1646,0.0717,0.412,0.5027,0.411,1.833,0.09409,0.1226,2.734,0.2476,0.181,5.86,0.16727,0.595,8.56,4.58,13.59,81.82,0.00879,2.4097,0.1805,0.339,0.004787,0.00412,0.2111,3.26,1.34,21.51,4.503,0.309,0.423,0.651,8.302,0.2628,2.238,5.17,0.02119,0.00406,0.0006947,0.212,0.03451,1.192,0.4017,0.5304,1.4,6.5e-07,0.1065,0.838,0.2112,2.3347,0.065,0.99,4.112,0.1871,493.8,9.71,0.2046,0.625,0.03112,1.713,2.391,0.0003187,2.482,0.001945,0.7215,0.00012554,76.17,1.276,0.1637,0.869,2.0467,1.476,0.4354,41.23,0.5506
2023-03-17,27395.13,1789.27,12.6,85.51,3.085,0.3494,0.3798,1.147,0.2296,0.0879,0.06763,20.28,0.2207,0.2815,7.207,2.337,0.3167,0.02924,0.2401,153.7,37.1,0.02128,58.22,1.492,1.087,0.4212,1.2225,13.166,0.0587,0.02189,0.5079,0.2264,0.07642,0.2157,0.03747,9.09e-05,0.00705,1.6886,1.284,0.6039,0.03299,0.02248,0.2929,0.007077,0.1237,1.798,1.255,0.099804,0.02796,0.0653,0.1101,1.173,1.036,0.0497,0.0267,1.661,0.2627,135.5,0.003773,0.02371,1.0621,0.1221,0.4789,0.1743,0.01187,1.137,0.1168,0.003448,0.0787,0.2121,0.0381,21.6,0.1546,0.4318,0.1616,0.0956,0.006387,0.752,0.36,46.71,0.00438,11.05,3.038,0.001525,1.218,0.2918,727.0,21.5,0.3777,0.6437,0.6682,9026.0,6.762,0.0908,0.03684,0.2528,1.003,0.6783,0.4262,19.79,1.4437,0.004282,24.88,1.252,1172.6,36.77,43.93,0.376,1.468,0.0356,2.14,0.6661,6.68,6.404,0.00651,17.64,0.0985,0.95,0.1005,5.05,0.1163,80.6,2.163,6.39,4.833,0.2764,0.812,0.00509,8.9,0.1859,0.573,5.125,0.0651,0.65,0.04,0.04408,2.639,5.46,0.529,0.002858,2.651,2.88,2.756,0.66,0.1891,0.0979,2.237,0.4818,0.1872,3.913,2.582,3.221,0.563,0.0363,0.01028,2.129,1.69,0.008594,0.93293,0.1284,0.3956,257.9,0.3861,0.486,0.01978,3.84,3.77,0.1943,0.6529,0.002915,5.637,9.44,0.476,0.085,5.16,0.003019,0.1707,1.807,1.888,0.2516,0.1686,4.356,23.11,2.86,0.237,0.0657,1.075,0.0425,0.886,0.2564,37.2,0.3097,91.4,0.522,0.02389,0.1019,0.0717,114.6,3.23e-05,0.3253,2.702,0.05763,0.04404,72.11,0.2626,0.175,0.0804,0.4502,0.5445,0.45,2.021,0.09577,0.1263,2.8113,0.2544,0.19,6.14,0.18356,0.661,9.02,4.65,14.7,87.4,0.00963,2.4798,0.1894,0.348,0.005229,0.00429,0.2237,3.54,1.579,24.0,4.64,0.318,0.426,0.699,8.872,0.277,2.453,5.663,0.02333,0.00425,0.0007521,0.2397,0.04084,1.53,0.4243,0.5544,1.548,6.8e-07,0.1093,0.889,0.2362,2.4525,0.0692,1.054,4.434,0.1928,504.7,10.21,0.2168,0.662,0.0326,1.866,2.552,0.0003332,2.715,0.002147,0.7837,0.00013126,82.99,1.321,0.1734,0.897,2.175,1.5941,0.4519,43.32,0.5733
2023-03-18,26907.49,1758.84,11.83,83.02,2.96,0.3371,0.3739,1.097,0.2181,0.0856,0.06579,20.76,0.2139,0.27,6.922,2.252,0.302,0.02837,0.2305,149.3,35.9,0.02077,55.79,1.448,1.038,0.4093,1.1704,12.218,0.0561,0.02117,0.4828,0.2145,0.07295,0.2056,0.03595,8.86e-05,0.00681,1.6854,1.213,0.5982,0.03599,0.02168,0.2698,0.006896,0.1184,1.775,1.189,0.093648,0.02708,0.0624,0.1041,1.1427,0.985,0.05149,0.02581,1.57,0.2504,131.1,0.003859,0.02425,1.0608,0.1178,0.4798,0.1723,0.01145,1.096,0.112,0.00338,0.0759,0.2083,0.03754,21.2,0.1487,0.4183,0.1597,0.0919,0.006063,0.725,0.3476,44.87,0.00418,10.51,2.865,0.001433,1.218,0.2861,684.0,20.72,0.3654,0.622,0.6702,8565.0,6.701,0.0872,0.03868,0.2554,0.986,0.6678,0.3907,19.31,1.4345,0.004099,24.52,1.201,1129.9,35.48,43.16,0.369,1.42,0.0343,2.042,0.6353,6.54,6.508,0.00642,16.98,0.0956,0.92,0.1003,4.93,0.1127,77.8,2.079,5.874,4.441,0.2732,0.791,0.00476,8.72,0.1835,0.551,5.072,0.06072,0.656,0.0403,0.0426,2.593,5.39,0.52,0.002755,2.591,2.836,2.701,0.633,0.1708,0.091,2.182,0.4632,0.18,3.787,2.537,3.112,0.5647,0.0344,0.01023,2.074,1.636,0.009142,0.87332,0.1238,0.3765,244.0,0.3671,0.469,0.01892,3.97,3.59,0.1858,0.6193,0.002801,5.33,8.91,0.458,0.0924,5.955,0.002981,0.161,1.83,1.859,0.2368,0.1581,4.167,23.19,2.825,0.2276,0.06302,1.04,0.0421,0.848,0.2595,36.2,0.3073,89.4,0.505,0.02293,0.1007,0.07,111.6,3.126e-05,0.3104,2.66,0.05559,0.04585,74.29,0.3261,0.1645,0.0715,0.4317,0.51,0.435,1.998,0.09186,0.127,2.8349,0.2919,0.1871,5.98,0.17793,0.617,8.66,4.57,14.19,84.4,0.00935,2.464,0.1865,0.347,0.004925,0.00411,0.2288,4.03,1.462,22.46,4.826,0.304,0.411,0.663,8.592,0.2731,2.402,5.502,0.02231,0.00413,0.0007234,0.3526,0.03779,1.49,0.4117,0.549,1.578,6.6e-07,0.1037,0.86,0.2264,2.4042,0.0707,1.026,4.251,0.1929,481.9,10.13,0.2134,0.639,0.03202,1.976,2.476,0.0003265,2.618,0.002036,0.797,0.00013169,78.95,1.27,0.1713,0.849,2.1908,1.6854,0.4386,42.18,0.5799
2023-03-19,27972.87,1780.68,13.33,83.98,3.568,0.3448,0.3857,1.154,0.2228,0.0877,0.0665,21.06,0.2333,0.2741,7.081,2.329,0.3095,0.02938,0.2494,153.3,36.6,0.02211,57.57,2.318,1.068,0.4218,1.1662,12.306,0.0571,0.02177,0.4904,0.2197,0.0745,0.2039,0.03611,8.95e-05,0.00695,1.7584,1.242,0.5561,0.03949,0.02234,0.2852,0.007019,0.1212,1.834,1.24,0.125935,0.02743,0.0649,0.1154,1.1423,0.991,0.04898,0.02614,1.604,0.2527,135.7,0.003862,0.02473,1.0567,0.1204,0.4997,0.1733,0.01166,1.134,0.1137,0.003431,0.0769,0.2085,0.03787,21.86,0.1531,0.4327,0.1597,0.0944,0.006236,0.758,0.3586,46.09,0.00426,10.74,2.871,0.001465,1.214,0.2964,687.0,20.9,0.3924,0.6336,0.6692,8732.0,6.693,0.0919,0.04068,0.251,1.018,0.6837,0.3955,19.54,1.4587,0.004104,25.12,1.224,1145.5,36.5,43.71,0.381,1.451,0.0351,2.094,0.6842,6.64,6.488,0.00655,17.53,0.0991,0.932,0.0987,5.05,0.1174,79.4,2.132,6.281,4.28,0.2945,0.789,0.00482,9.1,0.1913,0.562,5.158,0.06328,0.648,0.0412,0.04445,2.597,5.36,0.551,0.002827,2.599,2.842,2.677,0.67,0.1833,0.0874,2.21,0.4809,0.2027,3.833,2.526,3.257,0.5711,0.0349,0.0107,2.149,1.665,0.0113,0.90087,0.1256,0.4551,250.3,0.3705,0.493,0.01955,3.97,3.5,0.1934,0.6385,0.002878,5.407,9.04,0.467,0.0903,5.972,0.002973,0.1644,1.86,1.873,0.2382,0.1594,4.208,22.94,2.903,0.2339,0.06955,1.075,0.0424,0.864,0.2623,37.0,0.3137,89.2,0.515,0.02384,0.1013,0.072,112.3,3.23e-05,0.309,2.733,0.05744,0.04633,72.63,0.3149,0.1667,0.0707,0.4396,0.5067,0.45,2.013,0.09488,0.1264,2.8053,0.2776,0.1924,5.96,0.1823,0.623,8.82,4.5,14.4,85.02,0.00979,2.4368,0.1925,0.389,0.005021,0.00411,0.2357,3.96,1.472,22.59,4.768,0.337,0.413,0.652,8.423,0.2917,2.503,5.635,0.02293,0.00418,0.0007418,0.3363,0.041,1.456,0.4219,0.5575,1.873,6.6e-07,0.1059,0.884,0.2196,2.3877,0.07,1.056,4.279,0.1912,489.1,10.08,0.217,0.64,0.03349,2.003,2.471,0.0003354,2.693,0.002092,0.7761,0.00013454,81.18,1.323,0.1748,0.848,2.2386,1.8169,0.4432,42.86,0.5674
2023-03-20,27717.01,1732.78,12.24,78.05,3.235,0.3321,0.3734,1.154,0.2122,0.0863,0.06503,19.57,0.2175,0.2687,7.05,2.181,0.2931,0.02761,0.2341,151.8,34.3,0.0208,55.57,2.029,1.011,0.4002,1.1027,11.545,0.0538,0.02028,0.4551,0.2094,0.07137,0.1967,0.03381,8.73e-05,0.00676,1.5698,1.182,0.5388,0.03528,0.02053,0.283,0.006882,0.1176,1.715,1.163,0.120193,0.02623,0.0615,0.11,1.1716,0.938,0.04536,0.02474,1.709,0.2377,130.3,0.0037,0.02288,1.0631,0.1139,0.4643,0.1645,0.01143,1.091,0.11,0.003359,0.0724,0.1959,0.03659,22.13,0.1527,0.4365,0.1528,0.0924,0.005974,0.719,0.3422,43.72,0.00405,10.11,2.993,0.001403,1.218,0.2803,667.0,19.85,0.37,0.5973,0.671,8533.0,6.503,0.0835,0.04967,0.2333,0.962,0.6588,0.3593,18.31,1.3876,0.003891,25.41,1.162,1115.6,33.86,49.0,0.361,1.4,0.033,2.095,0.6353,6.44,6.176,0.00671,16.64,0.0946,0.9,0.0976,4.91,0.1082,76.1,1.994,5.72,3.983,0.2814,0.747,0.00473,8.62,0.1829,0.562,4.906,0.05914,0.613,0.0386,0.03933,2.552,5.28,0.523,0.00269,2.548,2.764,2.626,0.631,0.1665,0.0818,2.1,0.4524,0.2142,3.783,2.465,3.181,0.5383,0.033,0.01016,2.032,1.539,0.01283,0.84222,0.1198,0.3986,241.8,0.3455,0.474,0.02035,4.09,3.33,0.1869,0.6099,0.002767,5.106,8.49,0.443,0.087,5.712,0.002857,0.156,1.825,1.812,0.226,0.1516,4.042,21.96,2.849,0.2203,0.06444,1.037,0.0411,0.792,0.259,35.2,0.2973,88.3,0.502,0.02406,0.1015,0.0727,108.4,3.14e-05,0.3005,2.494,0.05468,0.04297,68.14,0.28,0.1843,0.0677,0.4204,0.4803,0.417,1.917,0.08807,0.1216,2.715,0.2657,0.1811,5.76,0.1993,0.565,8.37,4.45,13.63,82.5,0.00922,2.345,0.1846,0.345,0.004756,0.00393,0.2457,3.8,1.341,21.2,4.507,0.307,0.401,0.619,7.86,0.2677,2.411,5.401,0.02148,0.00393,0.0006965,0.3343,0.03716,1.252,0.3887,0.5121,1.783,6.3e-07,0.0998,0.85,0.1997,2.2888,0.0657,0.999,4.058,0.1995,478.0,9.72,0.2129,0.695,0.03112,1.828,2.285,0.0003192,2.473,0.002001,0.7337,0.00012644,80.09,1.092,0.1692,0.811,2.0024,1.7197,0.4401,40.55,0.5412
2023-03-21,28105.47,1801.23,12.44,82.48,3.23,0.3696,0.4696,1.185,0.2197,0.0963,0.067,20.9,0.2193,0.2809,7.375,2.266,0.2972,0.02868,0.2377,153.1,36.4,0.02349,58.44,1.86,1.047,0.4087,1.1526,11.915,0.0543,0.02174,0.4843,0.223,0.0766,0.2075,0.03494,8.93e-05,0.00688,1.6084,1.19,0.5496,0.03729,0.02095,0.2925,0.006988,0.1222,1.754,1.186,0.115308,0.02749,0.0639,0.1128,1.1227,0.972,0.04548,0.02579,1.807,0.2429,134.0,0.003719,0.02346,1.0678,0.1183,0.4765,0.1703,0.01167,1.093,0.1125,0.003346,0.0751,0.2045,0.03928,22.53,0.1544,0.4124,0.1587,0.0924,0.006027,0.735,0.3564,45.57,0.00416,10.65,2.856,0.001418,1.218,0.2801,690.0,20.17,0.3745,0.6173,0.6665,8852.0,6.739,0.0855,0.0423,0.2426,0.995,0.6731,0.3743,18.8,1.4321,0.004061,25.46,1.171,1124.2,35.36,44.15,0.369,1.446,0.0344,2.074,0.6538,6.56,6.421,0.007,17.44,0.0958,0.915,0.0998,5.13,0.1123,79.0,2.068,5.923,4.23,0.2866,0.786,0.0046,8.84,0.1827,0.565,5.118,0.06085,0.611,0.0399,0.04113,2.576,5.29,0.536,0.002789,2.579,2.773,2.67,0.636,0.1682,0.0854,2.154,0.4613,0.2083,3.827,2.458,3.178,0.5415,0.0347,0.01049,2.062,1.582,0.012153,0.86965,0.1219,0.4086,248.6,0.3518,0.465,0.01993,4.03,3.41,0.1922,0.6309,0.00281,5.256,8.83,0.441,0.0883,5.357,0.002957,0.159,2.076,1.833,0.2344,0.1543,4.196,22.23,2.937,0.2304,0.06457,1.065,0.0424,0.84,0.2527,36.4,0.3138,89.2,0.517,0.0244,0.102,0.0714,112.8,3.163e-05,0.3087,2.598,0.05458,0.04341,70.18,0.2881,0.177,0.0781,0.4256,0.4805,0.437,1.961,0.09211,0.1213,2.7562,0.2772,0.1854,5.68,0.19176,0.597,8.69,4.42,14.2,84.27,0.00937,2.3774,0.1903,0.359,0.004991,0.00405,0.2354,3.9,1.338,22.28,4.573,0.309,0.416,0.637,8.125,0.2689,2.507,5.578,0.02241,0.00405,0.0007193,0.3845,0.0385,1.269,0.3995,0.5442,1.69,6.2e-07,0.1008,0.882,0.2095,2.28,0.069,1.048,4.13,0.1943,495.2,9.96,0.2124,0.692,0.03172,1.863,2.406,0.000324,2.637,0.002082,0.7456,0.00012896,81.6,1.111,0.1691,0.833,2.1236,1.921,0.4316,40.9,0.5414
2023-03-22,27250.97,1734.33,11.62,87.27,3.021,0.3596,0.4213,1.094,0.2078,0.0908,0.05978,20.03,0.2063,0.2991,7.173,2.206,0.2816,0.02718,0.2269,148.6,34.7,0.02325,58.9,1.706,0.997,0.384,1.1077,11.327,0.0519,0.02027,0.4697,0.2134,0.07385,0.1869,0.03268,8.38e-05,0.00642,1.5158,1.125,0.5226,0.0379,0.02009,0.2748,0.006832,0.1181,1.635,1.112,0.105945,0.02583,0.0603,0.1039,1.1555,0.883,0.04361,0.02425,2.014,0.2365,125.9,0.00357,0.02222,1.0755,0.1112,0.4518,0.1628,0.01117,1.047,0.1071,0.003209,0.0717,0.1924,0.03723,21.42,0.1465,0.3862,0.1491,0.0888,0.005609,0.695,0.3328,42.6,0.00393,10.07,2.682,0.001375,1.216,0.265,669.0,19.27,0.3546,0.5805,0.6679,8411.0,6.54,0.0801,0.03795,0.2275,0.94,0.6348,0.3588,17.98,1.3699,0.003851,24.2,1.05,1094.0,33.07,41.92,0.354,1.363,0.0324,2.027,0.6095,6.12,6.071,0.00641,16.74,0.091,0.878,0.0942,4.87,0.104,75.1,1.946,5.651,4.107,0.2763,0.757,0.00445,8.35,0.1724,0.541,4.914,0.05663,0.597,0.038,0.03796,2.477,5.22,0.507,0.002595,2.485,2.647,2.56,0.603,0.1532,0.0812,2.081,0.434,0.1997,3.708,2.372,2.961,0.4999,0.0326,0.00977,1.932,1.477,0.011704,0.86003,0.1159,0.3748,229.3,0.3342,0.444,0.01908,3.88,3.27,0.1817,0.5963,0.002678,5.089,8.45,0.419,0.083,5.041,0.002818,0.1497,2.255,1.74,0.224,0.154,3.989,21.16,2.814,0.2178,0.06215,0.988,0.0396,0.806,0.238,34.7,0.3063,85.4,0.493,0.02277,0.0967,0.0672,108.1,3.01e-05,0.3047,2.5,0.05178,0.04051,66.84,0.28,0.172,0.0733,0.3957,0.4524,0.41,1.993,0.08719,0.113,2.6303,0.253,0.1737,5.34,0.17683,0.547,8.23,4.35,13.54,80.5,0.00887,2.2762,0.1821,0.334,0.004679,0.00382,0.2227,3.71,1.374,21.01,4.334,0.292,0.387,0.608,7.971,0.248,2.228,5.291,0.0215,0.00387,0.0006843,0.3754,0.03509,1.176,0.3793,0.4998,1.601,6.1e-07,0.0953,0.861,0.1963,2.173,0.0638,0.995,3.989,0.1837,473.0,9.57,0.2032,0.671,0.03033,1.753,2.366,0.0003062,2.526,0.001918,0.6902,0.00012466,77.4,1.034,0.1609,0.797,1.9543,1.7783,0.4158,38.36,0.4976
2023-03-23,28295.41,1813.79,12.57,93.61,3.254,0.3715,0.4438,1.16,0.2165,0.0924,0.0652,20.78,0.2176,0.2831,7.61,2.25,0.2937,0.02855,0.2374,156.5,38.1,0.02739,63.52,1.796,1.049,0.4013,1.136,11.683,0.0541,0.02196,0.4962,0.2194,0.07736,0.2152,0.03479,8.66e-05,0.00687,1.5542,1.207,0.6259,0.04008,0.02091,0.2887,0.006878,0.1221,1.726,1.164,0.109119,0.02684,0.0623,0.1094,1.1702,0.883,0.04355,0.02549,2.183,0.2409,128.6,0.003704,0.02342,1.0773,0.1176,0.4625,0.1716,0.01164,1.072,0.1093,0.00331,0.0743,0.1972,0.03838,22.16,0.153,0.4002,0.1668,0.092,0.005816,0.723,0.3672,44.09,0.00409,11.02,2.709,0.001414,1.225,0.2794,680.0,21.9,0.3689,0.6136,0.6686,8686.0,7.055,0.0857,0.03988,0.2387,0.967,0.6607,0.3723,18.61,1.3577,0.004155,25.15,1.075,1125.6,35.03,43.57,0.359,1.442,0.0339,2.099,0.6507,6.44,6.238,0.00669,17.54,0.0959,0.925,0.099,5.0,0.111,77.1,2.044,5.925,4.232,0.2833,0.776,0.00451,8.69,0.1768,0.553,5.243,0.05944,0.627,0.0397,0.04046,2.554,5.29,0.521,0.002759,2.543,2.672,2.61,0.628,0.149,0.0833,2.199,0.458,0.2021,3.775,2.443,3.007,0.5144,0.0335,0.01001,2.034,1.584,0.011106,0.91952,0.1202,0.3786,237.6,0.3461,0.469,0.02057,3.85,3.41,0.1908,0.6142,0.002786,5.198,8.55,0.438,0.0851,6.185,0.0029,0.1615,2.257,1.799,0.2325,0.1555,4.12,21.69,2.871,0.2287,0.06416,1.024,0.0411,0.878,0.2465,35.4,0.3156,89.7,0.497,0.02358,0.1006,0.0695,112.3,3.168e-05,0.3086,2.624,0.05399,0.04237,68.78,0.2836,0.1846,0.0735,0.4087,0.4613,0.426,1.96,0.09304,0.1201,2.6893,0.2581,0.1821,5.51,0.18311,0.571,8.54,4.42,13.93,81.72,0.00921,2.3347,0.1858,0.339,0.004873,0.004,0.2314,3.73,1.332,21.74,4.436,0.301,0.389,0.624,8.161,0.2525,2.292,5.407,0.02299,0.00406,0.0007174,0.4159,0.03561,1.21,0.3921,0.517,1.634,6.2e-07,0.103,0.898,0.2065,2.2352,0.0653,1.013,4.162,0.1873,487.5,10.1,0.2096,0.713,0.03206,1.861,2.314,0.0003159,2.484,0.001995,0.7104,0.00012584,75.31,1.057,0.1674,0.812,2.0084,1.6558,0.4292,40.15,0.5219
2023-03-24,27454.47,1749.57,12.38,93.58,3.229,0.3596,0.4259,1.165,0.2086,0.0887,0.06341,20.19,0.2174,0.2691,7.191,2.142,0.287,0.02709,0.2292,162.0,35.9,0.02629,61.66,2.023,1.009,0.3858,1.0968,11.192,0.0523,0.0204,0.4584,0.2088,0.07453,0.2045,0.03349,8.38e-05,0.00653,1.4402,1.185,0.5497,0.03746,0.02073,0.2743,0.006702,0.1185,1.791,1.13,0.102223,0.02597,0.0599,0.105,1.0194,0.888,0.04103,0.02483,2.131,0.2304,123.7,0.003496,0.02317,1.0663,0.1131,0.4492,0.1644,0.01119,1.053,0.1033,0.003207,0.0728,0.1932,0.0362,20.66,0.148,0.3883,0.1589,0.0893,0.005587,0.693,0.3451,42.32,0.00398,10.39,2.532,0.001359,1.217,0.2698,672.0,20.97,0.353,0.5865,0.664,8357.0,6.543,0.083,0.03576,0.2306,0.906,0.6304,0.354,17.72,1.2872,0.003984,23.6,1.031,1103.1,33.45,42.41,0.397,1.382,0.0326,2.02,0.6061,6.2,5.882,0.00646,16.95,0.0921,0.934,0.0964,4.8,0.105,73.0,1.963,5.554,4.17,0.2678,0.774,0.00439,8.32,0.1705,0.548,4.856,0.05681,0.615,0.0388,0.04112,2.601,5.29,0.506,0.002655,2.638,3.0,2.642,0.608,0.132,0.0857,2.057,0.4411,0.1739,3.687,2.459,2.882,0.4928,0.0327,0.00964,1.944,1.512,0.01052,0.86324,0.1159,0.3303,229.8,0.3317,0.469,0.01937,3.9,3.25,0.1828,0.5931,0.002689,4.947,8.1,0.418,0.0821,5.865,0.002845,0.1548,2.169,1.742,0.2275,0.1468,3.992,20.86,2.773,0.2164,0.06217,0.978,0.0396,0.833,0.2361,34.1,0.304,85.6,0.478,0.02284,0.096,0.0671,107.6,3.031e-05,0.309,2.423,0.05119,0.03965,62.91,0.2544,0.1738,0.075,0.3947,0.4472,0.41,1.859,0.08716,0.1117,2.649,0.2654,0.1726,5.24,0.17257,0.61,8.11,4.47,13.41,78.28,0.00882,2.3282,0.1801,0.325,0.004697,0.0038,0.2212,3.6,1.215,20.73,4.385,0.289,0.369,0.606,7.924,0.2448,2.102,5.035,0.02206,0.00396,0.000686,0.3897,0.03208,1.099,0.3774,0.4948,1.545,6.2e-07,0.1007,0.882,0.197,2.236,0.0623,0.965,4.088,0.179,482.6,9.61,0.2038,0.728,0.03113,1.734,2.142,0.0003056,2.269,0.001911,0.6609,0.00012254,70.19,1.014,0.1606,0.789,1.8721,1.4866,0.4113,38.09,0.4949
2023-03-25,27462.95,1741.88,12.04,91.5,3.091,0.3514,0.4429,1.116,0.2049,0.0907,0.06368,20.02,0.2121,0.2628,7.075,2.122,0.286,0.02679,0.225,159.7,35.5,0.02765,58.17,1.825,1.003,0.3813,1.0786,11.085,0.0517,0.02013,0.4352,0.2063,0.07402,0.1883,0.03229,8.39e-05,0.00681,1.4384,1.273,0.5561,0.03842,0.02162,0.272,0.006638,0.1187,1.704,1.11,0.099096,0.02551,0.0601,0.103,0.9282,0.852,0.04006,0.02398,1.826,0.227,125.2,0.003517,0.02248,1.0675,0.1115,0.4545,0.1642,0.01124,1.078,0.1025,0.003216,0.0723,0.1936,0.03605,20.41,0.1464,0.3923,0.1556,0.0884,0.005549,0.687,0.3465,41.87,0.00395,10.15,2.409,0.001358,1.217,0.2645,667.0,21.26,0.3508,0.5789,0.6626,8222.0,6.665,0.0803,0.03653,0.2302,0.917,0.6226,0.3445,17.66,1.3229,0.003814,23.79,1.018,1098.4,32.43,42.13,0.361,1.378,0.0323,2.009,0.5903,6.12,5.712,0.00635,16.89,0.0892,0.923,0.0941,4.71,0.1033,71.3,1.923,5.378,3.825,0.2718,0.765,0.00432,8.28,0.1704,0.561,4.71,0.05588,0.587,0.0384,0.03942,2.544,5.23,0.5,0.002573,2.558,2.798,2.558,0.594,0.1258,0.084,2.03,0.4385,0.1646,3.69,2.419,2.865,0.507,0.0325,0.00936,1.917,1.472,0.00985,0.83919,0.1148,0.3127,223.3,0.3429,0.459,0.01873,3.85,3.21,0.1801,0.6001,0.002624,4.894,7.98,0.418,0.086,5.402,0.002821,0.1511,2.314,1.715,0.2255,0.1499,4.021,20.59,2.732,0.2117,0.06292,0.957,0.0399,0.793,0.2466,34.0,0.2984,85.4,0.468,0.02317,0.0946,0.0679,107.0,3.033e-05,0.307,2.287,0.05213,0.03826,59.97,0.2511,0.1684,0.0862,0.3951,0.4504,0.382,1.874,0.08662,0.1109,2.5929,0.2535,0.1713,5.25,0.16845,0.582,8.1,4.39,13.13,77.86,0.00874,2.2631,0.179,0.348,0.004591,0.00369,0.2174,3.49,1.15,20.77,4.266,0.288,0.363,0.588,7.711,0.2494,2.081,5.111,0.02153,0.00388,0.0006771,0.3735,0.03255,1.051,0.3685,0.5006,1.504,6e-07,0.1009,0.877,0.1904,2.1678,0.061,0.934,4.003,0.1798,482.8,9.35,0.2025,0.741,0.03155,1.691,2.041,0.0003054,2.177,0.001849,0.6386,0.00012545,69.43,1.02,0.1603,0.79,1.8364,1.3853,0.4101,38.46,0.4998
2023-03-26,27968.05,1773.88,12.31,93.32,3.123,0.3557,0.4479,1.14,0.2093,0.0918,0.06412,20.33,0.2138,0.2728,7.261,2.161,0.29,0.02736,0.2289,161.5,36.3,0.02759,59.13,1.86,1.019,0.3898,1.104,11.326,0.0525,0.02058,0.4474,0.2105,0.07436,0.1915,0.03263,8.47e-05,0.00682,1.4486,1.216,0.6084,0.03874,0.0212,0.2699,0.006604,0.1203,1.763,1.137,0.101209,0.02593,0.0619,0.1055,1.0059,0.866,0.0412,0.02483,1.809,0.2383,124.7,0.003551,0.02279,1.0728,0.1128,0.4787,0.1667,0.01138,1.077,0.1052,0.003239,0.074,0.2018,0.03792,20.94,0.1446,0.3963,0.1567,0.0897,0.005663,0.704,0.3572,42.62,0.004,10.31,2.47,0.001375,1.219,0.2689,669.0,21.21,0.3563,0.5907,0.6655,8399.0,6.83,0.0816,0.03733,0.2382,0.932,0.6327,0.3561,18.21,1.3113,0.003903,24.23,1.053,1106.4,33.59,42.77,0.363,1.402,0.033,2.045,0.6035,6.24,5.786,0.00637,17.12,0.0919,0.94,0.096,4.85,0.1056,72.9,1.957,5.681,4.063,0.2724,0.768,0.00452,8.41,0.1751,0.549,4.844,0.05706,0.595,0.0395,0.04026,2.57,5.24,0.513,0.002629,2.577,2.805,2.587,0.606,0.1527,0.0851,2.109,0.4467,0.173,3.745,2.428,2.914,0.5713,0.0334,0.00955,1.969,1.505,0.010004,0.87806,0.1188,0.3522,227.3,0.3455,0.462,0.01904,3.87,3.31,0.1849,0.6092,0.002673,4.985,8.26,0.426,0.0847,6.114,0.002845,0.1528,2.434,1.77,0.2296,0.15,4.074,21.03,2.785,0.2171,0.06299,0.978,0.0401,0.81,0.2474,34.9,0.3046,98.3,0.478,0.02334,0.0955,0.0684,108.5,3.048e-05,0.3065,2.381,0.05283,0.03991,61.28,0.2634,0.1714,0.0783,0.4016,0.4583,0.398,2.02,0.09,0.1158,2.6132,0.2879,0.1778,5.38,0.17163,0.576,8.24,4.42,13.26,81.54,0.00903,2.2808,0.1846,0.355,0.004641,0.00374,0.222,3.58,1.232,21.81,4.331,0.292,0.375,0.632,7.899,0.251,2.114,5.132,0.02206,0.00395,0.0006882,0.4778,0.03354,1.107,0.3797,0.5091,1.548,6.2e-07,0.1069,0.907,0.1948,2.2015,0.0622,0.947,4.108,0.1845,490.4,9.44,0.2095,0.753,0.03198,1.726,2.149,0.000312,2.263,0.001881,0.6577,0.00012454,69.28,1.03,0.1632,0.805,1.8943,1.4454,0.4161,42.2,0.5104
2023-03-27,27124.91,1715.22,12.58,89.23,3.042,0.3455,0.479,1.085,0.1996,0.0925,0.06355,19.67,0.2011,0.2602,6.87,2.044,0.2744,0.02596,0.2156,151.7,35.9,0.02735,56.08,1.756,0.97,0.3683,1.0455,10.838,0.0494,0.01921,0.4105,0.2,0.07287,0.1719,0.03068,8.35e-05,0.00646,1.3404,1.158,0.5285,0.03651,0.02026,0.2711,0.006513,0.1134,1.659,1.077,0.094775,0.02439,0.0592,0.0999,0.911,0.837,0.03791,0.02405,1.652,0.2241,120.4,0.003365,0.02216,1.0734,0.1065,0.4533,0.1585,0.01104,1.005,0.102,0.003062,0.0706,0.2333,0.0358,19.91,0.1352,0.3766,0.1484,0.0845,0.005305,0.664,0.3437,41.12,0.00377,9.83,2.345,0.001303,1.221,0.2562,677.0,20.13,0.336,0.5622,0.6661,8070.0,6.478,0.0756,0.03343,0.3008,0.89,0.5952,0.3301,17.96,1.262,0.003707,23.53,1.008,1072.0,31.82,41.16,0.357,1.332,0.0319,2.165,0.5594,6.08,5.644,0.00613,16.49,0.0899,0.893,0.0926,4.55,0.0995,69.8,1.845,5.344,3.79,0.2663,0.754,0.00426,8.03,0.1698,0.54,4.576,0.05359,0.578,0.0372,0.03771,2.482,5.2,0.488,0.002472,2.484,2.678,2.502,0.569,0.1366,0.0759,2.096,0.4263,0.1653,3.587,2.371,2.723,0.5182,0.0321,0.00918,1.878,1.457,0.009159,0.8103,0.1169,0.3201,219.3,0.3316,0.438,0.01806,3.75,3.22,0.1722,0.5776,0.002557,4.756,7.8,0.402,0.0815,5.696,0.002737,0.1452,1.944,1.724,0.222,0.1433,3.965,20.45,2.675,0.2043,0.06041,0.92,0.0378,0.733,0.2318,33.4,0.2942,87.1,0.459,0.02242,0.0939,0.065,105.6,2.921e-05,0.2968,2.395,0.05139,0.0375,55.84,0.2445,0.1578,0.0733,0.3909,0.4391,0.39,2.15,0.08789,0.1145,2.5478,0.2648,0.1721,5.42,0.16231,0.545,7.95,4.35,12.66,77.77,0.00882,2.2286,0.1723,0.326,0.004398,0.0036,0.2088,3.39,1.148,20.24,4.122,0.279,0.354,0.613,7.476,0.2301,1.969,4.923,0.02146,0.00377,0.0006521,0.5314,0.03114,1.023,0.3627,0.4761,1.478,6e-07,0.0993,0.861,0.1821,2.0994,0.0603,0.917,3.914,0.1786,469.0,8.96,0.1954,0.727,0.03067,1.591,2.101,0.0003007,2.068,0.001801,0.6358,0.00012048,71.71,0.938,0.1518,0.775,1.7419,1.3073,0.3959,40.22,0.4698
2023-03-28,27261.07,1772.99,12.72,89.13,3.068,0.3681,0.5144,1.113,0.2038,0.0977,0.06418,20.16,0.2071,0.2675,6.947,2.077,0.2793,0.0273,0.2202,154.0,36.3,0.02378,56.48,1.804,0.975,0.3762,1.086,11.212,0.0511,0.01953,0.4226,0.2018,0.07381,0.1731,0.03188,8.44e-05,0.00657,1.3805,1.15,0.5978,0.035,0.02071,0.2806,0.006532,0.1148,1.709,1.089,0.101462,0.02462,0.0595,0.1001,0.9454,0.882,0.03979,0.02463,1.685,0.2294,120.9,0.003406,0.02251,1.0822,0.1083,0.4539,0.164,0.01121,1.016,0.103,0.003107,0.0734,0.2132,0.03726,20.45,0.1379,0.3813,0.1532,0.086,0.005364,0.673,0.3491,41.75,0.00382,10.14,2.395,0.00131,1.229,0.285,674.0,20.75,0.3455,0.5757,0.6711,8453.0,6.936,0.0786,0.03465,0.2769,0.919,0.6135,0.339,18.21,1.2874,0.003804,24.09,1.05,1078.2,33.38,42.08,0.353,1.339,0.0324,2.094,0.5778,6.21,5.808,0.00616,16.71,0.092,0.906,0.093,4.64,0.1027,70.6,1.883,5.555,4.184,0.2855,0.763,0.00434,8.24,0.1719,0.532,4.692,0.05574,0.587,0.0384,0.03837,2.514,5.26,0.496,0.002497,2.52,2.695,2.525,0.599,0.1512,0.0766,2.196,0.4441,0.168,3.629,2.409,2.785,0.5653,0.0327,0.00936,1.936,1.478,0.01039,0.83518,0.1186,0.3542,221.0,0.3385,0.446,0.01869,3.79,3.31,0.1774,0.5849,0.002609,4.831,8.07,0.415,0.0818,6.609,0.002734,0.1492,1.871,1.782,0.2272,0.145,4.082,20.73,2.747,0.2158,0.06104,0.937,0.0385,0.75,0.2338,33.7,0.3037,87.3,0.464,0.0225,0.0963,0.0659,110.5,2.975e-05,0.2975,2.525,0.05203,0.03893,57.92,0.2516,0.1611,0.0738,0.3984,0.4421,0.395,1.998,0.09024,0.1141,2.5927,0.2829,0.1763,5.52,0.16731,0.555,8.07,4.37,13.06,79.0,0.00896,2.2519,0.1772,0.328,0.004531,0.00359,0.2129,3.44,1.178,20.54,4.179,0.282,0.366,0.615,8.069,0.2377,2.035,5.078,0.02202,0.00384,0.0006662,0.4976,0.03311,1.063,0.3626,0.4907,1.518,6.1e-07,0.0994,0.87,0.195,2.1183,0.0613,0.93,4.07,0.1808,477.6,9.21,0.1977,0.727,0.031,1.68,2.332,0.0003071,2.193,0.001818,0.6461,0.0001214,78.15,0.94,0.1537,0.8,1.9647,1.3654,0.4013,45.62,0.4771
2023-03-29,28348.6,1793.07,13.22,91.31,3.164,0.3811,0.5425,1.149,0.2156,0.1017,0.06433,20.67,0.2236,0.2855,7.382,2.161,0.2882,0.02828,0.2374,158.9,37.2,0.02437,58.05,1.71,1.047,0.3994,1.1223,11.43,0.0545,0.02052,0.4584,0.2353,0.07557,0.1831,0.03304,8.58e-05,0.0067,1.4638,1.228,0.6817,0.03576,0.02132,0.2813,0.006553,0.1186,1.906,1.137,0.112597,0.02609,0.0687,0.1044,0.9845,0.917,0.0416,0.02599,1.765,0.2336,123.3,0.003505,0.02313,1.0826,0.1176,0.4608,0.1686,0.01137,1.05,0.1057,0.003202,0.078,0.2142,0.0388,21.1,0.145,0.4013,0.1623,0.0888,0.005669,0.741,0.3643,43.65,0.00396,10.57,2.56,0.001368,1.23,0.4872,692.0,21.35,0.3685,0.5974,0.6704,8797.0,6.913,0.0843,0.03619,0.2906,0.941,0.6389,0.3541,18.83,1.3009,0.004015,25.93,1.083,1118.5,34.84,44.06,0.374,1.419,0.0336,2.122,0.6208,6.34,5.945,0.00622,17.31,0.097,0.91,0.0974,4.86,0.1081,72.9,2.0,5.732,4.342,0.2874,0.822,0.00445,8.5,0.1782,0.547,5.0,0.05846,0.617,0.04,0.04142,2.551,5.31,0.519,0.002677,2.588,2.765,2.587,0.723,0.1521,0.0808,2.2,0.4825,0.1761,3.661,2.454,2.861,0.5573,0.0338,0.00968,2.03,1.544,0.011859,0.85443,0.1261,0.4295,232.4,0.3446,0.464,0.01994,3.85,3.42,0.1914,0.6017,0.002698,5.147,8.52,0.424,0.0849,6.77,0.002816,0.1604,1.897,1.819,0.2363,0.1466,4.14,21.37,2.844,0.2746,0.06315,0.988,0.0398,0.773,0.2355,35.2,0.3054,88.5,0.476,0.02352,0.098,0.0689,112.5,3.117e-05,0.2987,2.519,0.05312,0.04192,59.72,0.2596,0.1685,0.0752,0.4106,0.4725,0.406,1.96,0.09173,0.1185,2.6328,0.2777,0.18,5.64,0.17178,0.58,8.31,4.46,13.62,81.1,0.00924,2.2902,0.1832,0.335,0.004993,0.00369,0.2224,3.63,1.293,21.15,4.26,0.291,0.391,0.642,8.746,0.2477,2.135,5.405,0.02305,0.00394,0.0006859,0.5769,0.03616,1.124,0.3741,0.5152,1.581,6.2e-07,0.101,0.887,0.2132,2.1849,0.0646,0.995,4.11,0.186,512.5,9.38,0.2031,0.75,0.03181,1.805,2.38,0.0003136,2.229,0.002042,0.6952,0.0001242,75.17,0.952,0.1634,0.817,1.8959,1.4246,0.4218,45.67,0.489
2023-03-30,28028.53,1793.61,12.51,89.06,3.08,0.3761,0.5319,1.19,0.2111,0.1064,0.06481,20.28,0.2159,0.2769,7.233,2.092,0.2933,0.02785,0.2311,155.3,37.8,0.02345,56.52,1.563,1.02,0.3915,1.093,11.149,0.0529,0.02027,0.45,0.2247,0.07422,0.1771,0.03217,8.78e-05,0.00676,1.388,1.187,0.6302,0.03273,0.0208,0.2699,0.006497,0.1169,1.825,1.108,0.109095,0.02577,0.0649,0.1021,0.9288,0.88,0.04091,0.02613,1.68,0.2239,121.1,0.003434,0.02282,1.0864,0.116,0.4499,0.1649,0.01137,1.042,0.1052,0.003159,0.0766,0.2064,0.03723,20.55,0.1407,0.4193,0.1583,0.0903,0.005564,0.713,0.3518,42.36,0.0039,10.37,2.433,0.00135,1.231,0.4652,676.0,20.31,0.3755,0.5788,0.6722,8728.0,6.837,0.0838,0.03376,0.271,0.922,0.6175,0.3461,18.59,1.2847,0.004015,25.27,1.078,1098.5,34.23,42.17,0.365,1.397,0.0329,2.062,0.6106,6.24,5.897,0.00646,17.23,0.0949,0.907,0.1022,4.95,0.1075,71.3,1.927,5.563,4.703,0.2761,0.805,0.00434,8.25,0.1744,0.667,4.875,0.05823,0.61,0.0392,0.03968,2.646,5.4,0.568,0.002715,2.69,2.87,2.694,0.652,0.1433,0.0774,2.145,0.4686,0.1702,3.671,2.543,2.779,0.536,0.033,0.01003,2.192,1.509,0.012214,0.81652,0.1353,0.4035,220.6,0.3371,0.47,0.01986,3.87,3.32,0.1909,0.5911,0.002651,5.019,8.22,0.413,0.0829,6.274,0.002754,0.1642,1.835,1.817,0.2301,0.1451,4.092,20.77,2.789,0.2598,0.06178,0.968,0.0384,0.757,0.2318,34.5,0.2942,87.1,0.472,0.02327,0.0964,0.0673,111.8,3.063e-05,0.2956,2.442,0.05316,0.04076,58.9,0.2491,0.1646,0.071,0.4069,0.4505,0.39,1.909,0.08955,0.1168,2.8119,0.2682,0.1779,5.43,0.16985,0.548,8.1,4.54,13.32,82.55,0.00907,2.8921,0.189,0.323,0.004858,0.0038,0.218,3.46,1.262,20.29,4.474,0.284,0.38,0.612,8.478,0.2386,2.109,5.309,0.02258,0.00386,0.0007082,0.6036,0.03517,1.122,0.3652,0.4898,1.536,6.3e-07,0.0986,0.873,0.2069,2.2607,0.0632,0.982,4.057,0.183,496.0,9.22,0.2095,0.727,0.03102,1.748,2.33,0.0003073,2.301,0.002004,0.6765,0.00012206,75.44,0.94,0.1643,0.799,1.8135,1.3875,0.4151,42.91,0.5103
2023-03-31,28465.36,1821.52,12.61,89.57,3.107,0.3989,0.5374,1.196,0.2168,0.1122,0.06553,20.74,0.2264,0.2763,7.588,2.113,0.2979,0.02914,0.2952,157.6,38.7,0.02332,58.54,1.577,1.042,0.4063,1.1176,11.188,0.0539,0.02113,0.4758,0.226,0.07695,0.1798,0.03483,8.9e-05,0.00683,1.4443,1.222,0.6154,0.03314,0.02148,0.2777,0.00648,0.1203,1.865,1.119,0.109934,0.02588,0.0731,0.1077,0.9307,0.886,0.04129,0.02669,1.722,0.2296,123.9,0.003455,0.02354,1.0811,0.1195,0.4618,0.1699,0.01139,1.085,0.1103,0.003226,0.0813,0.2117,0.03883,21.16,0.1449,0.4224,0.1617,0.0916,0.00566,0.73,0.3605,43.13,0.00395,10.95,2.557,0.001368,1.227,0.6611,686.0,20.39,0.3893,0.5881,0.669,8796.0,6.959,0.0857,0.03369,0.3138,0.936,0.6271,0.3574,19.14,1.2859,0.004024,26.2,1.104,1108.0,34.91,42.44,0.373,1.433,0.0334,2.085,0.6249,6.32,6.062,0.00644,17.7,0.0976,0.925,0.106,5.0,0.1098,74.2,1.99,5.686,4.724,0.2831,0.838,0.00446,8.38,0.1838,0.664,4.944,0.0609,0.611,0.0399,0.04103,2.616,5.44,0.561,0.002721,2.655,2.885,2.654,0.688,0.144,0.078,2.163,0.4891,0.176,3.704,2.529,2.796,0.5688,0.0338,0.00996,2.14,1.569,0.01135,0.84243,0.1325,0.413,226.4,0.3336,0.489,0.01988,3.94,3.39,0.1948,0.6043,0.00269,5.191,8.72,0.419,0.0844,6.441,0.002744,0.1642,1.862,1.877,0.2269,0.1454,4.117,21.13,2.821,0.2965,0.06314,0.998,0.0406,0.777,0.2356,35.3,0.2973,91.9,0.473,0.02369,0.0977,0.0703,113.8,3.118e-05,0.3216,2.511,0.05426,0.0414,59.76,0.251,0.167,0.0701,0.4159,0.4606,0.414,1.914,0.09113,0.1179,2.7454,0.2739,0.2049,5.64,0.17348,0.558,8.37,4.53,13.47,83.29,0.0093,2.6701,0.1964,0.333,0.00523,0.00372,0.222,3.61,1.373,20.48,4.386,0.288,0.384,0.619,8.913,0.2416,2.156,5.347,0.02295,0.00393,0.0008059,0.6055,0.03537,1.139,0.3824,0.4988,1.61,6.4e-07,0.1001,0.88,0.215,2.2653,0.0631,1.006,4.18,0.1861,502.5,9.39,0.2138,0.718,0.0314,1.78,2.453,0.0003178,2.289,0.002138,0.7392,0.00012465,76.09,0.945,0.1698,0.802,1.8125,1.4064,0.4215,44.02,0.5047
2023-04-01,28452.73,1820.79,12.46,92.57,3.135,0.3919,0.5095,1.193,0.2235,0.1082,0.06648,21.24,0.2809,0.2745,7.548,2.133,0.308,0.03069,0.3113,157.0,38.3,0.0225,58.63,1.555,1.081,0.414,1.112,11.383,0.0567,0.02074,0.47,0.2231,0.08181,0.1806,0.03774,8.86e-05,0.00692,1.7014,1.326,0.602,0.03268,0.02149,0.2764,0.00643,0.122,1.831,1.126,0.10464,0.02644,0.0705,0.1079,0.8956,0.877,0.04139,0.02701,1.74,0.2336,126.1,0.003793,0.02338,1.0812,0.1203,0.4606,0.1711,0.01142,1.123,0.1093,0.003288,0.0815,0.2109,0.03825,21.08,0.1442,0.4169,0.1739,0.0923,0.005898,0.749,0.3759,43.57,0.00415,10.86,2.58,0.001368,1.225,0.718,690.0,20.02,0.3944,0.5963,0.6683,8784.0,6.983,0.0865,0.03339,0.3013,0.924,0.6348,0.3561,18.9,1.3086,0.004346,25.93,1.093,1112.0,33.86,42.68,0.368,1.467,0.0335,2.106,0.6309,6.51,6.101,0.00653,17.8,0.0986,0.928,0.1064,4.9,0.1101,74.1,1.987,5.761,5.185,0.2828,0.835,0.00442,8.5,0.1853,0.625,5.006,0.06123,0.611,0.0404,0.04167,2.593,5.38,0.54,0.002756,2.623,2.841,2.627,0.669,0.1411,0.0794,2.156,0.4765,0.1809,3.729,2.524,2.846,0.5507,0.0337,0.00993,2.105,1.576,0.011237,0.84834,0.1333,0.3956,227.1,0.3418,0.492,0.02034,3.97,3.47,0.1944,0.6898,0.002832,5.241,8.74,0.425,0.085,6.031,0.002677,0.1631,1.841,1.85,0.2294,0.1453,4.157,21.24,2.815,0.2876,0.06307,1.0,0.0406,0.767,0.2374,35.2,0.2938,90.4,0.478,0.02389,0.0975,0.0718,112.8,3.161e-05,0.3105,2.462,0.05365,0.04147,59.68,0.2596,0.1629,0.0699,0.409,0.4549,0.41,1.888,0.09255,0.1178,2.7239,0.2679,0.1913,5.6,0.17408,0.554,8.36,4.51,13.57,82.73,0.00938,2.5553,0.197,0.344,0.005141,0.00374,0.2298,3.75,1.346,20.6,4.393,0.294,0.386,0.623,8.782,0.2444,2.159,5.18,0.02318,0.00409,0.0007869,0.6137,0.03524,1.112,0.3799,0.4928,1.601,6.3e-07,0.0998,0.895,0.2195,2.2622,0.0645,0.996,4.257,0.185,497.3,9.31,0.2163,0.672,0.03128,1.796,2.406,0.0003228,2.278,0.00213,0.7204,0.00012711,75.49,0.943,0.1709,0.809,1.8403,1.4324,0.426,44.66,0.4952
2023-04-02,28171.87,1794.51,12.11,92.77,3.097,0.3815,0.518,1.229,0.2158,0.1066,0.06518,20.43,0.2648,0.2693,7.255,2.073,0.2973,0.03091,0.2853,160.2,36.6,0.02143,57.07,1.501,1.043,0.3946,1.0953,11.12,0.0541,0.02018,0.4518,0.2139,0.07903,0.1711,0.0349,8.62e-05,0.00668,1.4937,1.226,0.6065,0.0311,0.02119,0.2698,0.006398,0.1186,1.772,1.099,0.100181,0.02557,0.073,0.1134,0.8721,0.847,0.0406,0.02624,1.657,0.2239,123.0,0.003585,0.0229,1.0759,0.1174,0.4592,0.1759,0.01151,1.089,0.1061,0.003205,0.0772,0.2059,0.03784,20.52,0.1401,0.4125,0.1691,0.0898,0.005679,0.722,0.3592,42.3,0.00434,10.88,2.56,0.001361,1.223,0.71,673.0,20.87,0.3822,0.601,0.6663,8548.0,6.81,0.0824,0.03227,0.2906,0.907,0.6157,0.3444,18.54,1.2644,0.004139,25.51,1.058,1098.1,32.77,40.9,0.367,1.435,0.0333,2.074,0.599,6.66,5.948,0.00642,17.25,0.0981,0.915,0.1026,4.75,0.1087,73.0,1.92,5.546,5.157,0.2756,0.81,0.00431,8.31,0.1785,0.588,4.859,0.05877,0.598,0.0398,0.03946,2.554,5.29,0.52,0.002683,2.599,2.825,2.615,0.638,0.1356,0.0789,2.129,0.4736,0.17,3.781,2.516,2.77,0.5331,0.0341,0.00971,2.073,1.567,0.010731,0.80441,0.128,0.3707,221.7,0.3464,0.471,0.01986,4.09,3.94,0.1896,0.653,0.002726,5.065,8.31,0.471,0.0845,5.699,0.00258,0.1585,1.76,1.816,0.2223,0.148,4.168,21.11,2.877,0.268,0.06165,0.969,0.0392,0.741,0.252,37.0,0.2895,87.4,0.471,0.02361,0.0949,0.0697,111.0,3.105e-05,0.2998,2.424,0.05271,0.04056,58.58,0.2545,0.1602,0.0662,0.4036,0.4597,0.399,1.853,0.0918,0.1221,2.745,0.2606,0.182,5.59,0.17021,0.618,8.18,4.57,13.24,80.87,0.00921,2.57,0.1894,0.344,0.00494,0.00366,0.221,3.7,1.275,20.23,4.441,0.285,0.372,0.603,8.618,0.2385,2.092,5.084,0.02282,0.00399,0.0007603,0.6062,0.03338,1.052,0.3709,0.4818,1.542,6.2e-07,0.0968,0.883,0.2083,2.3541,0.0612,0.958,4.184,0.1817,493.5,9.13,0.2075,0.645,0.03099,1.735,2.337,0.0003132,2.202,0.00206,0.7025,0.00012254,74.2,0.952,0.1656,0.786,1.7749,1.3867,0.416,43.59,0.4909
2023-04-03,27800.0,1810.51,11.98,92.97,3.109,0.3872,0.4959,1.175,0.2159,0.1064,0.06574,20.7,0.3114,0.2706,7.245,2.052,0.2908,0.02954,0.2916,156.5,36.4,0.02232,57.87,1.514,1.053,0.3999,1.0969,11.147,0.0536,0.02045,0.4543,0.2143,0.096,0.1771,0.03348,8.57e-05,0.00661,1.4829,1.215,0.6719,0.02999,0.02105,0.2672,0.006408,0.1221,1.826,1.113,0.101175,0.02572,0.0682,0.1075,0.8758,0.85,0.04056,0.02841,1.675,0.2204,127.8,0.003448,0.02249,1.0835,0.1203,0.4638,0.1721,0.01124,1.067,0.1031,0.003178,0.078,0.2022,0.03734,20.45,0.1409,0.405,0.1696,0.0905,0.005624,0.721,0.3545,42.65,0.00415,10.7,2.544,0.001356,1.235,0.9325,673.0,20.11,0.3741,0.5895,0.6795,8376.0,6.76,0.083,0.03118,0.2828,0.924,0.6217,0.3445,18.24,1.2539,0.004187,26.13,1.084,1090.1,33.1,40.52,0.357,1.486,0.0324,2.026,0.6343,6.38,5.93,0.00634,17.11,0.0992,0.908,0.1005,4.65,0.1107,73.7,1.948,5.572,5.875,0.2743,0.792,0.00425,8.26,0.1762,0.571,4.908,0.05958,0.604,0.0398,0.03987,2.544,5.28,0.516,0.002713,2.919,2.814,2.637,0.653,0.1342,0.0749,2.107,0.479,0.1717,3.686,2.503,2.691,0.5288,0.034,0.0096,1.997,1.577,0.012133,0.78767,0.1284,0.3644,220.1,0.3627,0.485,0.01999,3.94,3.59,0.1954,0.6243,0.002702,4.93,8.26,0.445,0.0818,5.775,0.002496,0.1601,1.815,1.789,0.2164,0.1449,4.06,21.08,2.74,0.269,0.06108,0.97,0.0387,0.738,0.2369,34.9,0.2908,86.6,0.462,0.02323,0.0945,0.0683,111.8,3.078e-05,0.3058,2.46,0.05287,0.04008,58.26,0.2492,0.1588,0.0627,0.3981,0.4508,0.395,1.796,0.09083,0.12,2.6964,0.2571,0.1795,5.67,0.17078,0.572,8.13,4.53,13.09,79.69,0.00917,2.5648,0.1887,0.338,0.004909,0.00365,0.2196,3.58,1.293,19.99,4.37,0.287,0.369,0.622,8.944,0.2302,2.069,5.043,0.02394,0.00392,0.0007432,0.5892,0.03729,1.049,0.3748,0.4752,1.563,6.2e-07,0.0946,0.86,0.2193,2.2737,0.062,0.971,4.262,0.1798,496.1,9.18,0.2082,0.67,0.03142,1.841,2.401,0.000308,2.166,0.002064,0.7149,0.00012164,72.51,0.947,0.1668,0.78,1.7413,1.3105,0.4157,43.13,0.4909
2023-04-04,28165.47,1870.37,12.02,92.58,3.126,0.3894,0.5026,1.193,0.2218,0.106,0.06573,21.12,0.3881,0.2753,7.37,2.126,0.2973,0.02974,0.3323,158.6,37.8,0.02166,57.6,1.527,1.094,0.4084,1.1388,11.285,0.0565,0.02163,0.4536,0.2178,0.09512,0.1777,0.03482,8.71e-05,0.00669,1.5065,1.243,0.667,0.03118,0.02113,0.2709,0.006389,0.1243,1.814,1.115,0.104907,0.0271,0.0675,0.1101,0.8782,0.864,0.0411,0.0303,1.681,0.2238,127.1,0.003475,0.0229,1.0921,0.1283,0.4715,0.1762,0.01132,1.074,0.1054,0.00322,0.0788,0.2065,0.03904,20.92,0.1437,0.4089,0.1707,0.0927,0.005819,0.737,0.3601,43.65,0.00415,10.86,2.76,0.001375,1.248,0.83,681.0,20.57,0.395,0.597,0.6763,8600.0,6.994,0.0865,0.0317,0.2936,0.995,0.6346,0.3564,18.39,1.2687,0.004565,26.62,1.136,1099.1,33.78,41.41,0.363,1.589,0.0328,2.056,0.6327,6.51,6.151,0.00625,17.65,0.0995,0.92,0.1031,4.74,0.1107,76.4,1.996,5.616,5.471,0.2792,0.814,0.00432,8.41,0.1792,0.63,5.092,0.0596,0.601,0.0402,0.04259,2.573,5.32,0.541,0.002777,2.826,2.826,2.638,0.733,0.1381,0.076,2.144,0.4843,0.1745,3.654,2.52,2.744,0.5517,0.0342,0.00987,2.04,1.615,0.015619,0.81122,0.1342,0.3687,222.6,0.3622,0.491,0.02124,4.04,3.62,0.2038,0.6266,0.002782,4.993,8.46,0.448,0.0838,5.815,0.002516,0.1626,1.801,1.811,0.2222,0.1478,4.11,21.72,2.79,0.262,0.06209,0.981,0.0393,0.763,0.2412,35.2,0.2927,87.5,0.471,0.02452,0.0957,0.0699,114.9,3.108e-05,0.3171,2.499,0.05444,0.04041,59.49,0.2573,0.1607,0.0637,0.3992,0.4533,0.452,1.832,0.09175,0.1213,2.7239,0.2693,0.188,5.69,0.1764,0.583,8.32,4.59,13.47,79.25,0.0094,2.5825,0.191,0.352,0.005087,0.00373,0.2249,3.69,1.331,20.28,4.433,0.29,0.382,0.657,9.499,0.243,2.1,5.329,0.02532,0.00398,0.0008338,0.614,0.03774,1.065,0.3864,0.5048,1.599,6.2e-07,0.097,0.887,0.2278,2.2777,0.0647,0.985,4.234,0.1813,506.1,9.65,0.2096,0.669,0.03174,1.885,2.583,0.0003125,2.233,0.002026,0.7927,0.00012353,74.83,0.945,0.1688,0.787,1.7622,1.3658,0.4239,46.65,0.5039
2023-04-05,27936.69,1894.06,11.87,92.27,3.098,0.392,0.5013,1.173,0.2226,0.1061,0.06557,20.82,0.4131,0.2729,7.284,2.103,0.2999,0.0296,0.3417,156.0,37.8,0.02126,57.23,1.505,1.083,0.4105,1.1295,11.299,0.0573,0.02103,0.4661,0.2172,0.09365,0.1756,0.0351,8.67e-05,0.00677,1.5552,1.251,0.6854,0.0328,0.02096,0.2691,0.006352,0.1252,1.797,1.113,0.102353,0.02617,0.0659,0.1096,0.8568,0.862,0.04127,0.02907,1.658,0.2229,126.3,0.003483,0.02236,1.0861,0.1244,0.466,0.183,0.01131,1.086,0.1056,0.003367,0.0781,0.2081,0.0384,20.74,0.1441,0.4187,0.1656,0.0981,0.005968,0.759,0.3596,43.28,0.00414,10.69,2.69,0.001372,1.241,0.7691,681.0,20.43,0.3996,0.5956,0.6718,8573.0,7.131,0.0848,0.0346,0.2846,0.994,0.6332,0.3555,18.6,1.2629,0.004542,26.55,1.127,1094.6,33.33,41.79,0.368,1.608,0.0328,2.057,0.6303,6.43,6.207,0.00623,17.77,0.0995,0.911,0.1199,4.73,0.1097,77.6,2.025,5.604,5.38,0.2781,0.805,0.00432,8.41,0.1783,0.618,5.011,0.06063,0.601,0.0404,0.04151,2.554,5.35,0.527,0.00275,2.919,2.814,2.636,0.698,0.1363,0.0746,2.14,0.4944,0.1725,3.707,2.559,2.697,0.5561,0.0343,0.01017,2.015,1.592,0.014738,0.7914,0.1359,0.3824,220.3,0.3546,0.498,0.02114,4.01,3.59,0.2007,0.6168,0.00275,4.98,8.38,0.44,0.0832,5.575,0.002445,0.1599,1.794,1.806,0.2462,0.1468,4.088,21.45,2.8,0.3206,0.061,0.983,0.0392,0.742,0.239,34.9,0.2911,86.2,0.468,0.02394,0.0947,0.0751,114.4,3.097e-05,0.3131,2.617,0.05301,0.04066,60.0,0.2636,0.1604,0.0627,0.3993,0.4534,0.506,1.819,0.09115,0.1199,2.716,0.2687,0.182,5.87,0.17577,0.577,8.36,4.62,13.25,78.73,0.00942,2.566,0.1954,0.348,0.005157,0.00374,0.259,3.7,1.339,20.09,4.452,0.289,0.381,0.648,9.588,0.2465,2.064,5.295,0.0246,0.00394,0.0008049,0.5898,0.03656,1.076,0.3833,0.495,1.568,6.3e-07,0.095,0.894,0.2249,2.2798,0.0639,0.975,4.18,0.1828,508.3,9.66,0.215,0.656,0.03106,1.858,2.623,0.0003096,2.262,0.002048,0.8937,0.00012254,79.05,0.933,0.1718,0.787,1.7943,1.3333,0.4281,47.0,0.4935
